tickNumber,in27,B14,B11,cn12,B54,B51,os4,
0,,,,,|0_0_4_0_,,,
1,,,,,,,,
2,,,,,,,,
3,,,,,,,,
4,,,,,|4_4_4_1_,,,
5,,,,,,,,
6,,,,,,,,
7,,,,,,,|7_7_6_2_,
8,,,,,,,,
9,,,,,|9_9_4_3_,,,
10,,,,,,,,
11,,,,,,,,
12,,,,,|11_12_4_4_,,,
13,,,,,,,,
14,,,,,,,,
15,,,,,,|15_15_5_5_,,
16,,,,,,,,
17,,,,,,,,
18,,,,,,,,
19,,,,,|19_19_4_7_,,,
20,,,,,,,,
21,,,,,|18_21_4_6_,,,
22,,,,,,,,
23,,,,,|20_23_4_8_|22_23_4_9_,,,
24,,|24_24_1_10_,,,,,,
25,,,,,,,,
26,,,,,,|26_26_5_11_,,
27,,,,,,,,
28,,,,,,,,
29,,,,,,,,
30,,,,,,,,
31,,,,,,,,
32,,,,,,,,
33,,,,,|32_33_4_13_,,,
34,,,,,,,,
35,,,,,|35_35_4_16_,,,
36,,,,,|31_36_4_12_,,,
37,,,,,,,,
38,,|34_38_1_15_,,,,,|37_38_6_17_,
39,,,,,,,|33_39_6_14_,
40,,,,,,,,
41,,,,,,,,
42,,,,,,,,
43,,,,,,,|40_43_6_18_,
44,,,,,,,,
45,,,,,,,,
46,,,,,,,,
47,,,,,,,,
48,,,,,,,|47_48_6_20_,
49,,,,,,,,
50,,,,,,,|43_50_6_19_,
51,,,,,,,,
52,,,,,,,,
53,,,,,,,,
54,,,,,,,,
55,,,,,,,,
56,,,,,|49_56_4_21_,,,
57,,,,,,,,
58,,,,,|52_58_4_22_,,,
59,,,,,,,,
60,,,,,,,,
61,,,,,,|60_61_5_27_,,
62,,,,,|54_62_4_23_,,,
63,,,,,|55_63_4_24_,,,
64,,,,,|56_64_4_25_,,,
65,,|59_65_1_26_,,,,,|65_65_6_29_,
66,,,,,,,,
67,,,,,|61_67_4_28_,,,
68,,,,,,,,
69,,,,,,|67_69_5_31_,,
70,,,,,,,,
71,,,,,,,|70_71_6_34_,
72,,|66_72_1_30_,,,,,,
73,,,,,,,,
74,,,,,,,,
75,,|69_75_1_33_,,,,,,
76,,,,,|74_76_4_37_,,,
77,,,,,|73_77_4_36_,,,
78,,,,,,,,
79,,,,,,,,
80,,,,,,,,
81,,,,,,,,
82,,,,,,|72_82_5_35_,,
83,,,,,,,,
84,,,,,,,,
85,,,,,,,|68_85_6_32_,
86,,,,,,,,
87,,,,,,|87_87_5_42_,|82_87_6_40_,
88,,,,,|86_88_4_41_,,,
89,,,,,|78_89_4_38_,,,
90,,,,,,,,
91,,,,,,,,
92,,,,,,,,
93,,,,,,,,
94,,|88_94_1_43_,,,,,,
95,,,,,,|94_95_5_47_,|95_95_6_48_,
96,,,,,,,,
97,,,,,,,,
98,,,,,,,,
99,,,,,,,,
100,,,,,,|80_100_5_39_,,
101,,,,,|89_101_4_44_,|101_101_5_51_,,
102,,|96_102_1_49_,,,,,|102_102_6_52_,
103,,,,,,,,
104,,,,,|91_104_4_45_,,|93_104_6_46_,
105,,,,,,,,
106,,,,,,,,
107,,,,,,,,
108,,,,,,,,
109,,,,,,,,
110,,,,,,,,
111,,|105_111_1_55_,,,,,,
112,,,,,,|104_112_5_54_,,
113,,,,,|99_113_4_50_,,,
114,,,,,,,,
115,,,,,,,,
116,,,,,,,,
117,,,,,|103_117_4_53_,,|111_117_6_58_,
118,,,,,,|113_118_5_59_,,
119,,,,,,,,
120,,,,,,,|110_120_6_57_,
121,,,,,,,,
122,,,,,,,,
123,,,,,|108_123_4_56_,,,
124,,,,,,,,
125,,,,,,,,
126,,,,,,|123_126_5_62_,,
127,,,,,,,|127_127_6_64_,
128,,,,,,,,
129,,,,,,,,
130,,,,,,,,
131,,,,,,,,
132,,,,,,,,
133,,,,,,|128_133_5_65_,,
134,,,,,,,,
135,,,,,,,,
136,,,,,,,,
137,,,,,,,,
138,,,,,|124_138_4_63_,|119_138_5_61_,,
139,,,,,,,,
140,,,,,,,,
141,,,,,,,,
142,,,,,,,,
143,,,,,,,,
144,,,,,,,,
145,,,,,,,,
146,,,,,,,,
147,,,,,,,,
148,,|135_148_1_67_,,,,,|144_148_6_72_,
149,,,,,,,,
150,,,,,,,,
151,,,,,|133_151_4_66_,,|151_151_6_77_,
152,,,,,,,|139_152_6_69_,
153,,,,,,,,
154,,,,,,,|118_154_6_60_,
155,,,,,|141_155_4_70_,,,
156,,,,,,,,
157,,,,,,,|157_157_6_81_,
158,,,,,,,,
159,,,,,,,,
160,,,,,,,,
161,,|148_161_1_75_,,,|142_161_4_71_,,|159_161_6_83_,
162,,,,,,,,
163,,,,,,,,
164,,,,,|146_164_4_73_,,,
165,,,,,,,,
166,,,,,,,,
167,,,,,|147_167_4_74_,,|166_167_6_89_,
168,,,,,,|152_168_5_78_,,
169,,,,,,,,
170,,,,,|150_170_4_76_,,,
171,,,,,,,,
172,,,,,,,,
173,,,,,,,,
174,,,,,,|160_174_5_84_,|138_174_6_68_,
175,,,,,|154_175_4_79_,|168_175_5_91_,,
176,,,,,,,|171_176_6_92_,
177,,,,,|156_177_4_80_,,,
178,,,,,,,,
179,,,,,|158_179_4_82_,,,
180,,,,,,,,
181,,,,,,,,
182,,,,,|165_182_4_88_,|167_182_5_90_,|175_182_6_95_,
183,,,,,|161_183_4_85_,,,
184,,,,,|162_184_4_86_,,,
185,,,,,|163_185_4_87_,,,
186,,,,,,,,
187,,,,,,,,
188,,,,,,|174_188_5_94_,,
189,,,,,,,,
190,,,,,,,,
191,,,,,,,,
192,,,,,,,,
193,,,,,,,,
194,,,,,,,,
195,,,,,|172_195_4_93_,,,
196,,,,,,,,
197,,,,,,|185_197_5_98_,,
198,,,,,,,,
199,,,,,,,,
200,,,,,,,,
201,,,,,,,,
202,,,,,,|199_202_5_103_,,
203,,,,,,,|195_203_6_101_,
204,,,,,|180_204_4_96_,|202_204_5_105_,,
205,,,,,,,,
206,,,,,|205_206_4_108_,|198_206_5_102_,|206_206_6_109_,
207,,,,,,,|207_207_6_110_,
208,,,,,,,,
209,,,,,,,,
210,,,,,,,,
211,,,,,,,|211_211_6_112_,
212,,,,,,,,
213,,,,,,,|194_213_6_100_,
214,,,,,,|182_214_5_97_,,
215,,,,,,,,
216,,,,,,,,
217,,,,,,,,
218,,,,,,,,
219,,,,,,,,
220,,,,,,,,
221,,,,,,,,
222,,,,,,|190_222_5_99_,,
223,,,,,,,,
224,,,,,|218_224_4_116_,,,
225,,,,,,,,
226,,,,,|200_226_4_104_,,,
227,,,,,,,,
228,,,,,,,,
229,,,,,,,,
230,,,,,|203_230_4_106_,,,
231,,,,,,|204_231_5_107_,,
232,,,,,,,,
233,,,,,,|212_233_5_113_,,
234,,,,,,,|208_234_6_111_,
235,,,,,,,,
236,,,,,,,,
237,,,,,,,,
238,,,,,,,|213_238_6_114_,
239,,,,,|219_239_4_117_,,,
240,,,,,,,|233_240_6_123_,
241,,,,,,,,
242,,,,,,,,
243,,,,,,,,
244,,,,,|238_244_4_124_,,,
245,,,,,,,,
246,,,,,,,|246_246_6_128_,
247,,,,,,,,
248,,,,,,,,
249,,,,,|220_249_4_118_,,,
250,,,,,,,,
251,,,,,|226_251_4_120_,,,
252,,,,,,,,
253,,,,,,,,
254,,,,,,,|240_254_6_126_,
255,,|239_255_1_125_,,,|217_255_4_115_,,,
256,,|256_256_1_134_,,,,,,
257,,,,,,,,
258,,,,,,,,
259,,,,,,,,
260,,,,,,|231_260_5_122_,|259_260_6_135_,
261,,,,,,,,
262,,,,,,,,
263,,,,,,,,
264,,|227_264_1_121_,,,,,,
265,,|225_265_1_119_,,,,,|247_265_6_129_,
266,,,,,,,,
267,,,,,,,,
268,,,,,,,,
269,,,,,,,,
270,,,,,,,,
271,,,,,,,,
272,,,,,,,,
273,,,,,,,,
274,,,,,,,|267_274_6_138_,
275,,,,,,,|242_275_6_127_|262_275_6_136_,
276,,,,,,,,
277,,,,,,|273_277_5_142_,,
278,,,,,,,,
279,,,,,,,,
280,,,,,,,,
281,,,,,,,,
282,,|279_282_1_145_,,,,,,
283,,,,,,|249_283_5_131_,|248_283_6_130_,
284,,|264_284_1_137_|280_284_1_146_,,,,,|254_284_6_133_,
285,,,,,,,|278_285_6_144_,
286,,,,,,,,
287,,,,,,,|269_287_6_140_,
288,,,,,,,,
289,,,,,,,,
290,,,,,,|251_290_5_132_,,
291,,,,,,,,
292,,,,,|268_292_4_139_,,,
293,,,,,,,,
294,,,,,,,,
295,,,,,,,|293_295_6_151_,
296,,,,,,,,
297,,,,,,,,
298,,,,,,,,
299,,,,,|271_299_4_141_,,,
300,,,,,,,|296_300_6_152_,
301,,,,,,,,
302,,,,,,,,
303,,|301_303_1_155_,,,,,,
304,,,,,,,,
305,,,,,,|284_305_5_147_,,
306,,,,,,,,
307,,,,,,,,
308,,,,,,,,
309,,,,,,,,
310,,,,,,,|298_310_6_153_,
311,,,,,,,|307_311_6_160_,
312,,,,,|274_312_4_143_,,|306_312_6_159_|309_312_6_162_,
313,,,,,,,,
314,,,,,|299_314_4_154_,,,
315,,,,,|290_315_4_149_,,,
316,,,,,,,,
317,,,,,,,,
318,,,,,,,|316_318_6_167_,
319,,,,,,,,
320,,|303_320_1_156_,,,,,,
321,,,,,,,,
322,,|313_322_1_165_,,,,,,
323,,,,,,,,
324,,,,,,,|288_324_6_148_,
325,,,,,,,,
326,,,,,,,,
327,,,,,,,|321_327_6_170_,
328,,,,,,,,
329,,,,,,,|304_329_6_157_,
330,,|291_330_1_150_|317_330_1_168_,,,,,,
331,,,,,,,,
332,,,,,,,,
333,,,,,|305_333_4_158_,,,
334,,,,,,,|327_334_6_174_,
335,,,,,,,,
336,,,,,,,,
337,,,,,,,,
338,,,,,,|310_338_5_163_,,
339,,,,,,,,
340,,,,,|332_340_4_177_,,|324_340_6_172_,
341,,,,,,,|320_341_6_169_,
342,,,,,,,,
343,,,,,|330_343_4_176_,,,
344,,,,,,,,
345,,,,,,,,
346,,,,,,,,
347,,,,,,,,
348,,,,,,|308_348_5_161_,,
349,,,,,,,,
350,,,,,,,|312_350_6_164_,
351,,,,,,,,
352,,,,,,|342_352_5_184_,,
353,,,,,,,,
354,,|314_354_1_166_,,,|322_354_4_171_,,,
355,,,,,,,|346_355_6_187_,
356,,,,,,|329_356_5_175_,,
357,,,,,,,,
358,,,,,,,,
359,,,,,|334_359_4_179_,,|325_359_6_173_,
360,,,,,,,,
361,,,,,,,|335_361_6_180_,
362,,,,,,,,
363,,,,,,|345_363_5_186_,,
364,,,,,|356_364_4_192_,,|339_364_6_182_,
365,,,,,|333_365_4_178_,,,
366,,,,,,,,
367,,,,,,,,
368,,,,,,,,
369,,,,,|340_369_4_183_,,,
370,,,,,,,|337_370_6_181_,
371,,,,,,,,
372,,,,,,,,
373,,,,,,,,
374,,,,,,,,
375,,,,,|349_375_4_190_,,,
376,,,,,,,,
377,,,,,|357_377_4_193_,,,
378,,,,,,,,
379,,|379_379_1_206_,,,,,,
380,,,,,,,,
381,,,,,,,,
382,,,,,,,,
383,,,,,,,|343_383_6_185_|347_383_6_188_|360_383_6_195_,
384,,,,,,,|383_384_6_208_,
385,,,,,,,,
386,,|372_386_1_202_,,,|359_386_4_194_,,,
387,,,,,,,,
388,,,,,,|348_388_5_189_,,
389,,,,,|355_389_4_191_,,,
390,,,,,,,,
391,,,,,|367_391_4_199_,,,
392,,,,,,,,
393,,,,,|368_393_4_200_,,,
394,,,,,,,,
395,,,,,|371_395_4_201_,,,
396,,,,,|365_396_4_198_,,,
397,,,,,,,|361_397_6_196_,
398,,,,,,,,
399,,,,,,|362_399_5_197_,,
400,,,,,,,,
401,,,,,,,,
402,,,,,,,,
403,,|387_403_1_210_|400_403_1_216_,,,,,,
404,,,,,|374_404_4_204_,,,
405,,,,,,,,
406,,,,,,,,
407,,,,,,,,
408,,|381_408_1_207_,,,,,|396_408_6_214_,
409,,,,,|377_409_4_205_,,,
410,,,,,,,,
411,,,,,,|393_411_5_213_,|398_411_6_215_,
412,,,,,,,,
413,,|373_413_1_203_,,,,,,
414,,,,,,,,
415,,,,,,|391_415_5_211_,,
416,,,,,,,,
417,,,,,,,,
418,,,,,,,|406_418_6_220_,
419,,,,,,,,
420,,,,,,,,
421,,,,,,,,
422,,,,,,,|421_422_6_227_,
423,,,,,,,,
424,,,,,,,,
425,,|404_425_1_219_,,,,,,
426,,,,,|386_426_4_209_,,,
427,,,,,,,,
428,,,,,,,,
429,,,,,|392_429_4_212_,,|427_429_6_231_,
430,,,,,,,,
431,,,,,,,,
432,,,,,,,|402_432_6_217_,
433,,,,,,,|432_433_6_234_,
434,,,,,,,,
435,,,,,,,,
436,,,,,|407_436_4_221_,,,
437,,,,,,,|435_437_6_235_,
438,,,,,,,,
439,,,,,|403_439_4_218_,,|426_439_6_230_,
440,,,,,|409_440_4_222_,,,
441,,,,,,,,
442,,,,,,,,
443,,,,,|411_443_4_223_,,|415_443_6_225_,
444,,,,,,,,
445,,,,,,,,
446,,,,,,,,
447,,,,,,,,
448,,,,,|413_448_4_224_,,,
449,,,,,,,|445_449_6_239_,
450,,,,,,,|430_450_6_233_,
451,,|438_451_1_237_,,,,,,
452,,,,,,,,
453,,,,,,,,
454,,,,,,,,
455,,,,,,,,
456,,,,,,,,
457,,,,,,,|419_457_6_226_|457_457_6_245_,
458,,|423_458_1_228_|454_458_1_243_,,,,,,
459,,,,,,,,
460,,,,,,,,
461,,,,,,,|451_461_6_241_,
462,,,,,,,,
463,,,,,,,,
464,,,,,,,|424_464_6_229_|459_464_6_246_,
465,,,,,,,,
466,,,,,,,,
467,,|428_467_1_232_,,,,,,
468,,,,,,,,
469,,,,,,,|439_469_6_238_,
470,,,,,,,|436_470_6_236_,
471,,,,,,,,
472,,,,,,,,
473,,,,,,,,
474,,,,,,,|472_474_6_253_,
475,,,,,,,,
476,,,,,,,|476_476_6_257_,
477,,,,,,,|469_477_6_251_,
478,,,,,,,,
479,,,,,,,|453_479_6_242_,
480,,,,,,,|449_480_6_240_,
481,,,,,,,,
482,,,,,,,|464_482_6_248_,
483,,,,,,,,
484,,|475_484_1_256_,,,,,,
485,,,,,,,,
486,,,,,,,,
487,,,,,,,,
488,,,,,,|481_488_5_260_,,
489,,,,,,,,
490,,,,,|456_490_4_244_,,|488_490_6_264_,
491,,|484_491_1_261_,,,,,|473_491_6_254_,
492,,,,,,,,
493,,,,,,,,
494,,|490_494_1_266_,,,,,,
495,,,,,,,,
496,,,,,,,,
497,,,,,,,,
498,,,,,|463_498_4_247_,|489_498_5_265_,,
499,,,,,,,,
500,,,,,,|467_500_5_250_,,
501,,,,,,,,
502,,,,,,,,
503,,,,,,,,
504,,,,,,|466_504_5_249_,,
505,,,,,,,,
506,,,,,,,,
507,,,,,,,,
508,,,,,,,|470_508_6_252_,
509,,,,,,,|508_509_6_274_,
510,,,,,|474_510_4_255_,,|486_510_6_263_,
511,,,,,,,,
512,,,,,,,|512_512_6_277_,
513,,|502_513_1_272_,,,,,,
514,,|509_514_1_275_,,,|477_514_4_258_,,,
515,,,,,,,,
516,,,,,,,,
517,,,,,|480_517_4_259_,,,
518,,,,,|514_518_4_279_,,,
519,,,,,,,,
520,,,,,,,,
521,,,,,,,|494_521_6_269_|521_521_6_282_,
522,,,,,,,,
523,,,,,|485_523_4_262_,,,
524,,,,,,,|492_524_6_268_|524_524_6_284_,
525,,|522_525_1_283_,,,,,,
526,,,,,,,,
527,,,,,,,,
528,,,,,,,,
529,,,,,,,,
530,,,,,,,|491_530_6_267_,
531,,,,,|499_531_4_270_,,,
532,,,,,,,,
533,,,,,|513_533_4_278_,,,
534,,|527_534_1_286_,,,,,,
535,,,,,,,,
536,,,,,,,,
537,,,,,,,,
538,,,,,,,,
539,,,,,,,,
540,,,,,,,,
541,,,,,|501_541_4_271_,,,
542,,,,,,,,
543,,,,,,|511_543_5_276_,|543_543_6_289_,
544,,,,,,,,
545,,,,,,,,
546,,,,,|506_546_4_273_,,,
547,,,,,,,,
548,,,,,,,,
549,,,,,|545_549_4_291_,,,
550,,,,,,,,
551,,,,,,,,
552,,,,,,,,
553,,,,,,,,
554,,,,,,|519_554_5_281_,,
555,,,,,,,,
556,,,,,|516_556_4_280_,,,
557,,,,,|551_557_4_294_,,,
558,,,,,,,,
559,,,,,,,,
560,,,,,|555_560_4_297_,,,
561,,,,,,,,
562,,,,,,,,
563,,|553_563_1_295_,,,,,,
564,,,,,,,,
565,,|560_565_1_299_,,,,,,
566,,|561_566_1_300_,,,|526_566_4_285_,,,
567,,,,,,,|534_567_6_287_,
568,,,,,,,,
569,,,,,,,|544_569_6_290_,
570,,,,,|566_570_4_302_,,,
571,,,,,,,,
572,,,,,,,,
573,,,,,,,,
574,,,,,,,,
575,,,,,|535_575_4_288_,,,
576,,,,,,,|576_576_6_306_,
577,,,,,,,|563_577_6_301_,
578,,,,,,,,
579,,,,,,|550_579_5_293_,,
580,,|575_580_1_305_,,,,,,
581,,,,,,|547_581_5_292_,,
582,,,,,,,,
583,,,,,,,,
584,,,,,,,,
585,,,,,,|558_585_5_298_,,
586,,,,,,,,
587,,,,,,,,
588,,,,,,,,
589,,,,,,,,
590,,,,,,,,
591,,,,,,,,
592,,,,,,|554_592_5_296_,,
593,,,,,,,,
594,,,,,,,,
595,,,,,,,|594_595_6_317_,
596,,,,,,,,
597,,,,,,|577_597_5_307_,,
598,,,,,|586_598_4_313_,,,
599,,,,,,|567_599_5_303_,,
600,,,,,,,,
601,,,,,,,,
602,,,,,,,|597_602_6_319_,
603,,,,,,,,
604,,,,,,,,
605,,,,,,,,
606,,,,,,,,
607,,,,,|578_607_4_308_,,|607_607_6_325_,
608,,,,,,,,
609,,,,,,,|591_609_6_315_,
610,,|570_610_1_304_,,,,,,
611,,,,,,,,
612,,,,,,,,
613,,,,,|580_613_4_310_,,,
614,,|581_614_1_311_,,,,,,
615,,,,,,,,
616,,,,,,,,
617,,,,,|584_617_4_312_,,,
618,,,,,,,,
619,,,,,,,|579_619_6_309_,
620,,,,,,,,
621,,,,,,,,
622,,,,,,,,
623,,,,,,,,
624,,,,,,,,
625,,,,,,,,
626,,,,,,,,
627,,,,,,|589_627_5_314_,,
628,,,,,,,,
629,,|620_629_1_330_,,,,,,
630,,,,,|595_630_4_318_,,,
631,,,,,,,,
632,,,,,,|592_632_5_316_,,
633,,,,,,,,
634,,,,,,,,
635,,,,,,,|600_635_6_321_,
636,,,,,,,,
637,,,,,,,,
638,,,,,,,,
639,,|630_639_1_335_,,,,,|599_639_6_320_|603_639_6_322_,
640,,,,,|604_640_4_323_,,,
641,,,,,,,,
642,,,,,,,,
643,,,,,,,,
644,,,,,,,,
645,,,,,,,|606_645_6_324_,
646,,,,,,,,
647,,,,,|610_647_4_327_,,,
648,,,,,,,,
649,,,,,,|609_649_5_326_,,
650,,,,,,,,
651,,,,,,,,
652,,,,,|615_652_4_328_,,,
653,,,,,,,,
654,,,,,,,,
655,,,,,,,,
656,,,,,,,|621_656_6_331_,
657,,,,,|619_657_4_329_,,,
658,,,,,,,,
659,,,,,,,,
660,,,,,|622_660_4_332_,|623_660_5_333_,,
661,,,,,,,,
662,,,,,,,,
663,,,,,,,,
664,,,,,|626_664_4_334_,,,
665,,,,,,,,
666,,,,,,,,
667,,,,,,,,
668,,,,,,,|642_668_6_340_,
669,,,,,,,,
670,,,,,,,|645_670_6_342_,
671,,,,,,|632_671_5_336_,,
672,,|658_672_1_348_,,,,,|633_672_6_337_,
673,,,,,,,,
674,,,,,|661_674_4_351_,,,
675,,,,,,|640_675_5_339_,,
676,,,,,,|637_676_5_338_,,
677,,,,,,,,
678,,,,,,,,
679,,,,,,,,
680,,,,,,,,
681,,,,,,,,
682,,,,,,,|647_682_6_343_|668_682_6_356_,
683,,,,,,|643_683_5_341_,,
684,,,,,,,,
685,,,,,,,,
686,,,,,,,,
687,,,,,,,|648_687_6_344_,
688,,,,,,,,
689,,,,,,,|650_689_6_345_,
690,,,,,,,,
691,,,,,,,,
692,,,,,,|653_692_5_347_,|652_692_6_346_,
693,,,,,,,,
694,,,,,,,|663_694_6_352_,
695,,,,,,,,
696,,,,,,,|677_696_6_361_,
697,,,,,,,,
698,,,,,,,|660_698_6_350_,
699,,,,,|659_699_4_349_,,,
700,,,,,,,,
701,,|669_701_1_357_,,,,,,
702,,,,,,,,
703,,,,,,,,
704,,,,,|664_704_4_353_,,,
705,,,,,|665_705_4_354_,|666_705_5_355_,,
706,,,,,,,|670_706_6_358_,
707,,,,,,,,
708,,|675_708_1_360_,,,,,,
709,,,,,,,,
710,,,,,,,,
711,,,,,,,,
712,,,,,,,,
713,,,,,,,|673_713_6_359_,
714,,,,,,,,
715,,,,,|678_715_4_362_,,,
716,,,,,,,,
717,,,,,,,|692_717_6_365_,
718,,,,,,,,
719,,,,,,,,
720,,,,,,,,
721,,,,,,|681_721_5_363_,,
722,,,,,,,,
723,,,,,,,,
724,,,,,,,,
725,,,,,,,|688_725_6_364_,
726,,,,,,,,
727,,,,,,,,
728,,,,,|693_728_4_366_,,,
729,,,,,,,,
730,,,,,,,|695_730_6_367_,
731,,,,,,,,
732,,,,,,,,
733,,,,,,,,
734,,,,,,,,
735,,,,,,,,
736,,,,,,,,
737,,,,,,,,
738,,,,,|702_738_4_369_,,,
739,,,,,,,,
740,,,,,,,|701_740_6_368_,
741,,,,,,,,
742,,,,,,,,
743,,,,,,,,
744,,,,,,,,
745,,|725_745_1_377_,,,|708_745_4_371_,,|707_745_6_370_,
746,,,,,,,,
747,,,,,,,,
748,,,,,,,,
749,,,,,,,,
750,,,,,|710_750_4_372_,,,
751,,,,,|711_751_4_373_,,,
752,,,,,,,,
753,,,,,,,,
754,,,,,,,,
755,,,,,,,|717_755_6_374_,
756,,,,,,,,
757,,,,,,,,
758,,,,,,,,
759,,,,,,,|719_759_6_375_,
760,,,,,|720_760_4_376_,,,
761,,,,,,,,
762,,,,,,,,
763,,,,,,,,
764,,,,,,,,
765,,,,,,,,
766,,,,,,,,
767,,,,,,,,
768,,,,,,,,
769,,,,,,,|729_769_6_378_,
770,,,,,,,,
771,,,,,,,,
772,,,,,,,,
773,,,,,,|735_773_5_380_,|734_773_6_379_,
774,,,,,,,,
775,,,,,,,,
776,,,,,|739_776_4_382_,,,
777,,,,,,,|737_777_6_381_,
778,,,,,,,,
779,,,,,,,,
780,,,,,|740_780_4_383_,,,
781,,,,,,,,
782,,,,,,|742_782_5_384_,,
783,,,,,,,,
784,,,,,,,,
785,,,,,,,,
786,,,,,,,,
787,,,,,,,,
788,,,,,,,,
789,,,,,,,,
790,,,,,,,,
791,,,,,,,|752_791_6_385_,
792,,,,,,,|755_792_6_387_,
793,,,,,,,,
794,,,,,,|754_794_5_386_,,
795,,,,,,,|762_795_6_389_,
796,,,,,,,,
797,,,,,,,,
798,,,,,,,|775_798_6_395_,
799,,,,,,,,
800,,,,,,,|761_800_6_388_,
801,,,,,,,,
802,,,,,,,,
803,,,,,,,,
804,,,,,|764_804_4_390_,,,
805,,,,,,,|765_805_6_391_,
806,,,,,,,,
807,,,,,,,|771_807_6_393_,
808,,,,,,,,
809,,|787_809_1_401_,,,|778_809_4_397_,,|770_809_6_392_,
810,,,,,,,,
811,,,,,,,|784_811_6_400_,
812,,,,,|773_812_4_394_,,,
813,,|793_813_1_402_,,,,,,
814,,,,,,,,
815,,,,,,,,
816,,,,,,,|776_816_6_396_,
817,,,,,|781_817_4_399_,,|800_817_6_406_,
818,,,,,,,,
819,,,,,,,,
820,,,,,|780_820_4_398_,,|803_820_6_408_|814_820_6_415_,
821,,,,,,,|796_821_6_404_,
822,,,,,,,,
823,,,,,,,|804_823_6_409_,
824,,,,,,,,
825,,,,,,,,
826,,,,,,,,
827,,,,,,,,
828,,,,,,,,
829,,,,,,,,
830,,,,,,,,
831,,,,,,,,
832,,,,,,,,
833,,,,,,,,
834,,|830_834_1_424_,,,,,|794_834_6_403_,
835,,,,,,,,
836,,,,,,,,
837,,,,,,,|802_837_6_407_,
838,,,,,|799_838_4_405_,,,
839,,,,,,,,
840,,,,,,,|815_840_6_416_,
841,,,,,,,|816_841_6_417_,
842,,,,,,,,
843,,,,,,,,
844,,,,,,,,
845,,,,,,,|805_845_6_410_,
846,,,,,,,,
847,,,,,,,,
848,,,,,,,,
849,,,,,|809_849_4_411_,,|812_849_6_414_,
850,,|846_850_1_434_,,,,,|810_850_6_412_|850_850_6_435_,
851,,,,,|811_851_4_413_,,,
852,,,,,,,,
853,,,,,,,,
854,,,,,|817_854_4_418_,,,
855,,,,,|844_855_4_433_,,,
856,,,,,,,|820_856_6_420_|838_856_6_429_,
857,,|853_857_1_437_,,,,,|819_857_6_419_,
858,,,,,,,|823_858_6_421_,
859,,,,,|851_859_4_436_,,,
860,,,,,,,,
861,,,,,,,,
862,,,,,,,|833_862_6_425_|854_862_6_438_,
863,,,,,,,,
864,,,,,|824_864_4_422_,,|828_864_6_423_,
865,,,,,,,,
866,,,,,,,|842_866_6_431_,
867,,,,,,,,
868,,,,,,,|835_868_6_427_,
869,,,,,,,,
870,,,,,,,|834_870_6_426_,
871,,,,,,,,
872,,,,,,,,
873,,,,,,,,
874,,,,,,,|874_874_6_446_,
875,,,,,,|836_875_5_428_,,
876,,,,,,,,
877,,,,,,,,
878,,,,,,,,
879,,,,,,,,
880,,,,,|840_880_4_430_,,,
881,,,,,,,,
882,,,,,,|843_882_5_432_,,
883,,,,,,,,
884,,,,,,,,
885,,,,,,,,
886,,,,,,,,
887,,,,,,,,
888,,,,,,,,
889,,,,,,,,
890,,,,,,,,
891,,,,,,,,
892,,,,,,,,
893,,,,,,,,
894,,,,,,,|894_894_6_453_,
895,,|891_895_1_451_,,,,,|890_895_6_450_|893_895_6_452_,
896,,,,,,,,
897,,,,,,,,
898,,,,,|862_898_4_440_|870_898_4_442_,,|895_898_6_454_|898_898_6_456_,
899,,,,,,,,
900,,,,,,|861_900_5_439_,,
901,,,,,,,,
902,,,,,,,|882_902_6_447_,
903,,,,,,,,
904,,,,,,,,
905,,,,,,,,
906,,,,,,,|868_906_6_441_,
907,,,,,,,,
908,,,,,,,|872_908_6_444_,
909,,,,,,,|906_909_6_458_,
910,,,,,|908_910_4_460_,|871_910_5_443_,,
911,,,,,,,,
912,,,,,,|873_912_5_445_,,
913,,,,,,,,
914,,,,,,,,
915,,,,,,,,
916,,,,,,,,
917,,,,,,,,
918,,,,,,,,
919,,,,,,,,
920,,,,,,,|911_920_6_462_,
921,,,,,,,,
922,,|918_922_1_467_,,,,,,
923,,,,,|883_923_4_448_,,|923_923_6_469_,
924,,,,,,,,
925,,,,,,,,
926,,,,,,,,
927,,,,,,,|927_927_6_470_,
928,,,,,,,,
929,,,,,|889_929_4_449_,,,
930,,,,,,,,
931,,,,,,,,
932,,,,,,,,
933,,,,,,,|928_933_6_471_,
934,,,,,,,|929_934_6_472_,
935,,,,,,,,
936,,,,,|896_936_4_455_,,,
937,,,,,,,,
938,,,,,|901_938_4_457_,,|938_938_6_476_,
939,,,,,,,|939_939_6_477_,
940,,,,,,,,
941,,,,,,,,
942,,,,,,,,
943,,,,,,,,
944,,,,,,,,
945,,,,,,,,
946,,,,,,,,
947,,,,,,|907_947_5_459_,,
948,,,,,,,,
949,,,,,|909_949_4_461_,,|944_949_6_479_,
950,,,,,,,,
951,,,,,|913_951_4_464_,|912_951_5_463_,,
952,,,,,,,|952_952_6_484_,
953,,,,,,,|953_953_6_485_,
954,,,,,|914_954_4_465_,,,
955,,,,,,,,
956,,,,,,|916_956_5_466_,,
957,,,,,,,,
958,,,,,,,|958_958_6_488_,
959,,,,,|919_959_4_468_,,|954_959_6_486_,
960,,,,,,,|955_960_6_487_,
961,,,,,,,,
962,,,,,,,,
963,,,,,,,,
964,,,,,,,,
965,,,,,,,,
966,,,,,,,,
967,,,,,,|933_967_5_474_,,
968,,,,,|945_968_4_480_,,|968_968_6_491_,
969,,,,,,,,
970,,,,,,|934_970_5_475_,,
971,,,,,,,,
972,,,,,|932_972_4_473_,,,
973,,,,,,|941_973_5_478_,,
974,,,,,,,|969_974_6_492_,
975,,,,,,,,
976,,,,,,,,
977,,,,,,,,
978,,,,,,,,
979,,,,,,,,
980,,,,,,,,
981,,,,,,,,
982,,,,,,,,
983,,,,,,,,
984,,|980_984_1_496_,,,,|947_984_5_481_,,
985,,,,,,,,
986,,,,,,,|981_986_6_497_,
987,,,,,,,,
988,,,,,,,,
989,,,,,,|949_989_5_482_,,
990,,,,,,,|985_990_6_499_,
991,,,,,|951_991_4_483_,,,
992,,,,,,,,
993,,,,,,,,
994,,,,,,,,
995,,,,,,,|990_995_6_500_,
996,,,,,,,,
997,,,,,,,,
998,,,,,|960_998_4_489_,,,
999,,,,,,,,
1000,,,,,,,,
1001,,,,,,,,
1002,,,,,,|967_1002_5_490_,|1002_1002_6_503_,
1003,,,,,,,|1003_1003_6_504_,
1004,,,,,,,,
1005,,|1001_1005_1_502_,,,|977_1005_4_494_,,,
1006,,,,,,,,
1007,,,,,,,,
1008,,,,,,,,
1009,,,,,|970_1009_4_493_,,,
1010,,,,,,,,
1011,,,,,,,,
1012,,,,,,,|1012_1012_6_507_,
1013,,,,,,,,
1014,,,,,,,,
1015,,,,,|982_1015_4_498_,,,
1016,,,,,,,,
1017,,,,,,,,
1018,,,,,,,,
1019,,,,,|979_1019_4_495_,,,
1020,,,,,,,,
1021,,,,,,,,
1022,,,,,,,,
1023,,,,,,,,
1024,,,,,,,,
1025,,,,,,,,
1026,,,,,,,|1026_1026_6_513_,
1027,,,,,,,,
1028,,,,,,,,
1029,,|1025_1029_1_512_,,,,,,
1030,,,,,,,,
1031,,,,,,,,
1032,,,,,|992_1032_4_501_,,,
1033,,,,,,,,
1034,,|1030_1034_1_515_,,,,,,
1035,,,,,,,,
1036,,,,,,,,
1037,,,,,,,,
1038,,,,,,,,
1039,,,,,,,,
1040,,,,,|1017_1040_4_510_,,,
1041,,,,,,,,
1042,,,,,,,|1007_1042_6_505_,
1043,,,,,,,,
1044,,,,,,,,
1045,,,,,|1033_1045_4_517_,,,
1046,,,,,,,,
1047,,,,,,,,
1048,,,,,,,,
1049,,,,,,|1009_1049_5_506_,,
1050,,,,,,,,
1051,,,,,,,,
1052,,,,,,,,
1053,,,,,,,,
1054,,,,,,|1014_1054_5_508_,,
1055,,,,,,,|1055_1055_6_525_,
1056,,,,,,|1016_1056_5_509_,,
1057,,,,,,|1023_1057_5_511_,,
1058,,,,,,,,
1059,,,,,,,,
1060,,,,,,,,
1061,,,,,,,|1057_1061_6_527_,
1062,,,,,,,,
1063,,,,,,,|1063_1063_6_531_,
1064,,,,,,,,
1065,,|1062_1065_1_530_,,,,,,
1066,,,,,,,,
1067,,,,,|1027_1067_4_514_,,,
1068,,,,,,,,
1069,,,,,,,,
1070,,,,,|1042_1070_4_520_,,,
1071,,,,,,,,
1072,,,,,,|1032_1072_5_516_,,
1073,,,,,,,,
1074,,,,,,|1034_1074_5_518_,,
1075,,,,,,|1035_1075_5_519_,|1075_1075_6_533_,
1076,,,,,,,,
1077,,,,,,,,
1078,,,,,,,,
1079,,,,,|1043_1079_4_521_,,|1079_1079_6_534_,
1080,,,,,,,,
1081,,,,,,,,
1082,,,,,,,,
1083,,,,,,|1045_1083_5_522_,,
1084,,|1081_1084_1_535_,,,,,,
1085,,,,,,,,
1086,,,,,,,,
1087,,,,,,,|1087_1087_6_539_,
1088,,,,,,,,
1089,,,,,|1052_1089_4_523_,,,
1090,,,,,,,,
1091,,,,,,,,
1092,,,,,,,,
1093,,,,,,|1053_1093_5_524_,,
1094,,,,,,|1074_1094_5_532_,,
1095,,,,,|1056_1095_4_526_,,|1095_1095_6_541_,
1096,,,,,,|1061_1096_5_529_,,
1097,,,,,,,,
1098,,,,,,,,
1099,,,,,,|1059_1099_5_528_,,
1100,,,,,,,,
1101,,,,,,,,
1102,,,,,,,,
1103,,,,,,,,
1104,,,,,,,,
1105,,,,,,,|1101_1105_6_547_|1105_1105_6_549_,
1106,,,,,,,,
1107,,,,,,,,
1108,,,,,,,,
1109,,,,,,,,
1110,,,,,,,,
1111,,,,,,,,
1112,,,,,,,,
1113,,,,,,,,
1114,,,,,,,|1114_1114_6_551_,
1115,,,,,,,,
1116,,,,,,,,
1117,,,,,,,,
1118,,,,,,,,
1119,,,,,,,,
1120,,,,,,,,
1121,,,,,,,,
1122,,,,,,|1082_1122_5_536_,,
1123,,,,,,,,
1124,,,,,|1084_1124_4_537_,,,
1125,,,,,|1085_1125_4_538_,,,
1126,,,,,,,|1126_1126_6_555_,
1127,,,,,,,,
1128,,,,,,,,
1129,,,,,|1090_1129_4_540_|1118_1129_4_553_,,,
1130,,,,,,,,
1131,,,,,,,,
1132,,,,,,,|1132_1132_6_557_,
1133,,,,,,,,
1134,,,,,,,,
1135,,,,,,,|1135_1135_6_559_,
1136,,,,,,|1096_1136_5_542_,,
1137,,|1134_1137_1_558_,,,|1097_1137_4_543_|1098_1137_4_544_,,,
1138,,,,,,,,
1139,,,,,|1100_1139_4_546_,|1099_1139_5_545_,,
1140,,,,,,,,
1141,,,,,,,,
1142,,,,,|1115_1142_4_552_,,|1142_1142_6_561_,
1143,,,,,,,,
1144,,,,,,|1104_1144_5_548_,,
1145,,,,,,,,
1146,,,,,,,,
1147,,|1144_1147_1_562_,,,,,,
1148,,,,,,,,
1149,,,,,|1110_1149_4_550_,,,
1150,,,,,,,,
1151,,,,,,,,
1152,,,,,,,|1148_1152_6_563_,
1153,,,,,,,,
1154,,,,,,,,
1155,,,,,,,,
1156,,,,,,,,
1157,,,,,,,,
1158,,,,,,|1122_1158_5_554_,,
1159,,|1156_1159_1_566_,,,,,,
1160,,,,,,,,
1161,,,,,,,,
1162,,,,,,,,
1163,,,,,,,,
1164,,,,,,,,
1165,,,,,,,,
1166,,,,,,,,
1167,,,,,,,,
1168,,,,,,|1128_1168_5_556_,,
1169,,,,,,,,
1170,,|1167_1170_1_569_,,,,,,
1171,,,,,,,,
1172,,,,,,,,
1173,,,,,,,,
1174,,,,,,,,
1175,,,,,,,|1171_1175_6_570_,
1176,,,,,,,,
1177,,,,,|1137_1177_4_560_,,,
1178,,,,,,,,
1179,,,,,,,|1179_1179_6_574_,
1180,,,,,,,|1176_1180_6_572_,
1181,,,,,,,,
1182,,,,,,,|1178_1182_6_573_,
1183,,,,,,,,
1184,,,,,,,|1184_1184_6_578_,
1185,,,,,,,|1181_1185_6_576_,
1186,,,,,,,,
1187,,,,,,,,
1188,,,,,,,,
1189,,,,,,,,
1190,,,,,,,,
1191,,,,,,,,
1192,,,,,,,,
1193,,,,,,,|1189_1193_6_579_|1193_1193_6_582_,
1194,,,,,,|1154_1194_5_564_,,
1195,,,,,,|1155_1195_5_565_,|1195_1195_6_583_,
1196,,,,,,,|1192_1196_6_581_,
1197,,,,,,,|1197_1197_6_584_,
1198,,,,,,,,
1199,,,,,,|1159_1199_5_567_,,
1200,,,,,,,,
1201,,,,,,,,
1202,,,,,,,,
1203,,,,,,,,
1204,,,,,,|1164_1204_5_568_,,
1205,,,,,,,,
1206,,,,,,,,
1207,,,,,,,,
1208,,,,,,,,
1209,,,,,,,,
1210,,,,,,,,
1211,,,,,,,,
1212,,,,,,|1172_1212_5_571_,|1208_1212_6_588_,
1213,,,,,,,,
1214,,,,,,,,
1215,,,,,,,,
1216,,,,,,,,
1217,,,,,,,,
1218,,,,,,,|1218_1218_6_590_,
1219,,,,,|1180_1219_4_575_,,,
1220,,,,,,,,
1221,,,,,,,,
1222,,,,,|1182_1222_4_577_,,|1222_1222_6_593_,
1223,,,,,,,,
1224,,,,,,,,
1225,,,,,,,,
1226,,,,,,,,
1227,,,,,,,,
1228,,,,,,,,
1229,,,,,,|1190_1229_5_580_,,
1230,,,,,,,,
1231,,,,,,,,
1232,,,,,,,|1228_1232_6_596_,
1233,,,,,,,|1233_1233_6_598_,
1234,,,,,,,,
1235,,,,,,,,
1236,,,,,,,,
1237,,,,,,,,
1238,,,,,,,,
1239,,,,,|1201_1239_4_585_,,,
1240,,,,,,,,
1241,,,,,,,|1237_1241_6_599_,
1242,,,,,,,,
1243,,,,,,,,
1244,,,,,,|1204_1244_5_586_,,
1245,,,,,,,,
1246,,,,,|1207_1246_4_587_,,|1242_1246_6_601_,
1247,,,,,,,,
1248,,,,,,,,
1249,,,,,,,,
1250,,,,,|1219_1250_4_591_,,,
1251,,,,,,,,
1252,,,,,,,,
1253,,,,,,,,
1254,,,,,,,|1254_1254_6_604_,
1255,,,,,,,|1255_1255_6_605_,
1256,,,,,|1216_1256_4_589_,,,
1257,,,,,,,,
1258,,,,,,,,
1259,,,,,,,,
1260,,,,,,,,
1261,,,,,,|1221_1261_5_592_,,
1262,,,,,,,,
1263,,,,,,,,
1264,,,,,,,|1264_1264_6_606_,
1265,,,,,,,,
1266,,,,,|1226_1266_4_594_,,|1266_1266_6_607_,
1267,,,,,,|1227_1267_5_595_,,
1268,,,,,,,,
1269,,,,,,,|1269_1269_6_608_,
1270,,,,,|1232_1270_4_597_,,,
1271,,,,,,,,
1272,,,,,,,,
1273,,,,,,,,
1274,,,,,|1240_1274_4_600_,,,
1275,,,,,,,,
1276,,,,,,,,
1277,,,,,|1253_1277_4_603_,,|1277_1277_6_610_,
1278,,,,,,,,
1279,,,,,,,,
1280,,,,,,,,
1281,,,,,,,,
1282,,,,,,,,
1283,,,,,,,,
1284,,,,,,,,
1285,,,,,,,,
1286,,|1283_1286_1_613_,,,,,|1282_1286_6_612_|1286_1286_6_615_,
1287,,,,,,,,
1288,,,,,,,,
1289,,,,,,,,
1290,,,,,|1250_1290_4_602_,,,
1291,,,,,,,,
1292,,,,,,,,
1293,,,,,,,,
1294,,,,,,,|1294_1294_6_619_,
1295,,,,,,,,
1296,,,,,,,,
1297,,,,,,,,
1298,,,,,,,,
1299,,,,,|1281_1299_4_611_,,|1299_1299_6_621_,
1300,,,,,,,,
1301,,,,,,,,
1302,,,,,,,,
1303,,,,,,,,
1304,,,,,,,,
1305,,,,,,,,
1306,,|1303_1306_1_622_,,,,,,
1307,,,,,,,,
1308,,,,,,,,
1309,,|1306_1309_1_623_,,,,|1270_1309_5_609_,,
1310,,,,,,,,
1311,,|1308_1311_1_625_,,,,,,
1312,,,,,,,,
1313,,,,,,,,
1314,,,,,,,,
1315,,,,,,,,
1316,,,,,,,|1316_1316_6_627_,
1317,,,,,,,,
1318,,,,,,,,
1319,,,,,,,,
1320,,,,,|1288_1320_4_616_,,,
1321,,,,,,,,
1322,,,,,,,,
1323,,,,,,,,
1324,,,,,,,,
1325,,|1322_1325_1_631_,,,,|1285_1325_5_614_,|1321_1325_6_630_,
1326,,,,,,,,
1327,,,,,,,,
1328,,,,,,|1289_1328_5_617_,,
1329,,,,,,,,
1330,,,,,,,|1326_1330_6_633_,
1331,,,,,,|1291_1331_5_618_,,
1332,,,,,,,,
1333,,,,,,,,
1334,,,,,,,,
1335,,,,,|1295_1335_4_620_,,,
1336,,,,,,,,
1337,,,,,,,,
1338,,,,,,,,
1339,,,,,,,,
1340,,,,,,,,
1341,,,,,,,|1341_1341_6_637_,
1342,,,,,,,,
1343,,,,,,,,
1344,,,,,,,,
1345,,,,,|1307_1345_4_624_,,,
1346,,,,,,,,
1347,,|1344_1347_1_638_,,,,,,
1348,,,,,,,,
1349,,,,,,,,
1350,,,,,,,,
1351,,,,,|1317_1351_4_628_,,|1311_1351_6_626_,
1352,,,,,,,,
1353,,,,,,,,
1354,,,,,,,,
1355,,,,,,,,
1356,,,,,,,,
1357,,,,,,,,
1358,,|1355_1358_1_642_,,,,|1318_1358_5_629_,|1354_1358_6_641_|1358_1358_6_644_,
1359,,,,,,,,
1360,,,,,,,,
1361,,,,,,,,
1362,,,,,,,,
1363,,,,,,,,
1364,,,,,|1325_1364_4_632_,,,
1365,,|1362_1365_1_646_,,,,,,
1366,,|1363_1366_1_647_,,,,,,
1367,,,,,,,,
1368,,,,,,,,
1369,,,,,,,,
1370,,,,,|1330_1370_4_634_,,,
1371,,,,,,,,
1372,,,,,,,,
1373,,,,,,,,
1374,,,,,,,,
1375,,,,,|1335_1375_4_635_,,,
1376,,,,,,|1336_1376_5_636_,,
1377,,,,,,,,
1378,,,,,,,,
1379,,,,,,,,
1380,,,,,,,,
1381,,,,,,,,
1382,,,,,,,|1378_1382_6_651_,
1383,,,,,,,,
1384,,,,,,,|1384_1384_6_653_,
1385,,,,,,,,
1386,,,,,,,,
1387,,,,,,,,
1388,,,,,|1348_1388_4_639_,,|1388_1388_6_654_,
1389,,,,,,,,
1390,,,,,,|1350_1390_5_640_,,
1391,,,,,,,,
1392,,,,,,,,
1393,,,,,,,,
1394,,,,,,,|1394_1394_6_658_,
1395,,,,,,,,
1396,,,,,,,,
1397,,,,,,|1357_1397_5_643_,,
1398,,,,,,,,
1399,,,,,,,,
1400,,,,,,,,
1401,,,,,,|1361_1401_5_645_,,
1402,,,,,,,|1402_1402_6_659_,
1403,,,,,,,,
1404,,,,,,,,
1405,,,,,|1368_1405_4_649_,,,
1406,,,,,|1367_1406_4_648_,,,
1407,,,,,,,,
1408,,,,,,,,
1409,,,,,|1369_1409_4_650_,,|1409_1409_6_661_,
1410,,,,,,,,
1411,,,,,,,|1407_1411_6_660_,
1412,,,,,,,,
1413,,,,,,,,
1414,,,,,,,,
1415,,,,,,,,
1416,,,,,,,|1416_1416_6_662_,
1417,,,,,,,,
1418,,,,,|1379_1418_4_652_,,,
1419,,,,,,,,
1420,,,,,,,,
1421,,,,,,,,
1422,,,,,,,,
1423,,,,,,,,
1424,,,,,,,,
1425,,,,,,,,
1426,,,,,|1390_1426_4_655_,,,
1427,,,,,,,,
1428,,,,,,,,
1429,,,,,,,|1429_1429_6_667_,
1430,,,,,,,,
1431,,,,,,,,
1432,,,,,|1392_1432_4_656_,,,
1433,,,,,|1393_1433_4_657_,,,
1434,,,,,,,,
1435,,,,,,,,
1436,,,,,,,,
1437,,,,,,,,
1438,,,,,,,,
1439,,,,,,,,
1440,,,,,,,,
1441,,,,,,,,
1442,,,,,,,,
1443,,,,,,,,
1444,,,,,,,,
1445,,,,,,,,
1446,,,,,,,,
1447,,,,,,,,
1448,,,,,,,,
1449,,|1446_1449_1_671_,,,,,|1445_1449_6_670_,
1450,,,,,,,,
1451,,,,,,,,
1452,,,,,,,|1452_1452_6_673_,
1453,,,,,,,,
1454,,,,,,,,
1455,,,,,,,,
1456,,,,,,,,
1457,,,,,,,,
1458,,,,,,,,
1459,,,,,,,,
1460,,,,,,,,
1461,,,,,,,|1461_1461_6_675_,
1462,,,,,|1422_1462_4_663_,,,
1463,,,,,,,|1459_1463_6_674_,
1464,,,,,,,,
1465,,,,,,|1425_1465_5_664_,,
1466,,,,,,,,
1467,,,,,|1427_1467_4_665_,,,
1468,,,,,|1428_1468_4_666_,,,
1469,,,,,,,,
1470,,,,,,,,
1471,,,,,,,|1471_1471_6_679_,
1472,,,,,,,,
1473,,,,,,,,
1474,,,,,,,|1474_1474_6_681_,
1475,,,,,,,,
1476,,,,,,,,
1477,,,,,,,,
1478,,,,,,,,
1479,,,,,,|1439_1479_5_668_,,
1480,,,,,,,,
1481,,,,,,,,
1482,,,,,,,,
1483,,,,,,,,
1484,,,,,,|1444_1484_5_669_,,
1485,,,,,,,|1485_1485_6_683_,
1486,,,,,,,,
1487,,,,,,|1447_1487_5_672_,,
1488,,,,,,,,
1489,,,,,,,,
1490,,,,,,,,
1491,,,,,,,,
1492,,,,,,,,
1493,,,,,|1479_1493_4_682_,,,
1494,,,,,,,,
1495,,,,,,,,
1496,,,,,,,,
1497,,,,,,,,
1498,,,,,,,,
1499,,,,,,,,
1500,,,,,,,,
1501,,,,,,,,
1502,,,,,|1463_1502_4_676_,,,
1503,,,,,|1500_1503_4_686_,,,
1504,,,,,|1464_1504_4_677_,,,
1505,,,,,|1465_1505_4_678_,,,
1506,,,,,,,,
1507,,,,,,,,
1508,,,,,,,,
1509,,,,,,,,
1510,,,,,,|1472_1510_5_680_,,
1511,,|1505_1511_1_687_,,,,,|1511_1511_6_690_,
1512,,,,,,,,
1513,,,,,,,,
1514,,,,,,,,
1515,,,,,,,|1508_1515_6_688_,
1516,,,,,,,|1509_1516_6_689_,
1517,,,,,,,,
1518,,,,,,,,
1519,,,,,,,,
1520,,,,,,,,
1521,,,,,,,|1521_1521_6_696_,
1522,,,,,,,,
1523,,,,,,,,
1524,,,,,,,|1517_1524_6_694_,
1525,,|1519_1525_1_695_,,,,,,
1526,,,,,,,,
1527,,,,,,,,
1528,,|1522_1528_1_697_,,,,,,
1529,,,,,,|1492_1529_5_684_,,
1530,,,,,,,|1523_1530_6_698_,
1531,,,,,,,,
1532,,,,,,,,
1533,,,,,,,,
1534,,,,,,,,
1535,,,,,,,,
1536,,,,,,|1496_1536_5_685_,,
1537,,,,,,,,
1538,,,,,,,,
1539,,,,,,,,
1540,,,,,,,,
1541,,,,,,,,
1542,,,,,,,,
1543,,,,,,,,
1544,,,,,,,,
1545,,,,,,,,
1546,,,,,|1514_1546_4_692_,,,
1547,,,,,,,,
1548,,,,,,,,
1549,,,,,,|1513_1549_5_691_,,
1550,,,,,,,,
1551,,,,,,,,
1552,,,,,,,,
1553,,,,,|1516_1553_4_693_,,,
1554,,|1548_1554_1_702_,,,,,,
1555,,|1549_1555_1_703_,,,,,,
1556,,,,,,,,
1557,,,,,,,,
1558,,,,,,,,
1559,,,,,,,,
1560,,,,,,,,
1561,,,,,,,,
1562,,|1556_1562_1_705_,,,,,,
1563,,,,,,,,
1564,,,,,,,,
1565,,,,,,,,
1566,,,,,,,,
1567,,,,,,,,
1568,,,,,|1565_1568_4_708_,|1557_1568_5_706_,,
1569,,,,,|1541_1569_4_700_,,,
1570,,,,,|1530_1570_4_699_|1567_1570_4_710_,,,
1571,,,,,,,,
1572,,,,,,,,
1573,,,,,|1545_1573_4_701_,,,
1574,,,,,,,,
1575,,,,,,,,
1576,,,,,,,,
1577,,,,,,,|1570_1577_6_711_,
1578,,,,,,,,
1579,,,,,|1576_1579_4_714_,,,
1580,,,,,,,,
1581,,,,,,,,
1582,,,,,,,,
1583,,,,,,,,
1584,,,,,,,,
1585,,,,,,,,
1586,,,,,,,,
1587,,,,,,,,
1588,,,,,|1550_1588_4_704_,,,
1589,,,,,,,,
1590,,,,,,,,
1591,,,,,,,,
1592,,,,,,,,
1593,,,,,,,,
1594,,,,,,,,
1595,,,,,,,|1595_1595_6_719_,
1596,,,,,,|1585_1596_5_716_,|1596_1596_6_720_,
1597,,,,,,,,
1598,,,,,,,,
1599,,,,,,,,
1600,,,,,,,,
1601,,,,,,,,
1602,,,,,|1599_1602_4_723_,,,
1603,,|1597_1603_1_721_,,,,,,
1604,,,,,|1564_1604_4_707_,|1566_1604_5_709_,,
1605,,,,,,,,
1606,,,,,|1574_1606_4_713_,,,
1607,,,,,,,,
1608,,,,,,,|1608_1608_6_725_,
1609,,,,,,,,
1610,,,,,,,,
1611,,,,,,,,
1612,,,,,,|1572_1612_5_712_,,
1613,,,,,,|1581_1613_5_715_,,
1614,,,,,,,,
1615,,,,,,,,
1616,,,,,,,,
1617,,,,,,,,
1618,,,,,,,,
1619,,,,,,,,
1620,,,,,,,,
1621,,,,,|1589_1621_4_717_,,,
1622,,,,,|1593_1622_4_718_,,,
1623,,,,,,,,
1624,,,,,,,,
1625,,,,,,,,
1626,,,,,,,,
1627,,,,,,,,
1628,,,,,,,,
1629,,,,,,,,
1630,,,,,|1630_1630_4_731_,,,
1631,,,,,,,,
1632,,,,,|1629_1632_4_730_,|1606_1632_5_724_,|1625_1632_6_729_,
1633,,,,,,,,
1634,,,,,,,,
1635,,,,,,,,
1636,,,,,|1598_1636_4_722_,,,
1637,,,,,,|1610_1637_5_727_,,
1638,,|1632_1638_1_732_,,,,,,
1639,,,,,,,,
1640,,,,,,,,
1641,,,,,,,,
1642,,,,,,,,
1643,,,,,,,,
1644,,,,,,,,
1645,,,,,|1609_1645_4_726_,,,
1646,,,,,,,,
1647,,,,,,,,
1648,,,,,,,,
1649,,,,,,,,
1650,,,,,,,,
1651,,,,,,,,
1652,,,,,|1622_1652_4_728_,,,
1653,,,,,,,,
1654,,,,,,,,
1655,,,,,,,,
1656,,,,,,,,
1657,,,,,,|1642_1657_5_734_,,
1658,,,,,,,,
1659,,,,,|1656_1659_4_735_,,,
1660,,,,,|1634_1660_4_733_,,,
1661,,,,,,,,
1662,,,,,|1660_1662_4_737_,,,
1663,,,,,,,,
1664,,,,,,,,
1665,,,,,,,,
1666,,,,,,,,
1667,,,,,,,,
1668,,,,,,,,
1669,,,,,,,,
1670,,,,,|1667_1670_4_740_,,,
1671,,,,,,,,
1672,,,,,|1669_1672_4_741_,,,
1673,,,,,,,,
1674,,,,,,,,
1675,,,,,|1658_1675_4_736_,,,
1676,,,,,,,,
1677,,,,,,,,
1678,,,,,,,,
1679,,,,,,,,
1680,,,,,,,,
1681,,,,,|1678_1681_4_742_,,,
1682,,,,,,,,
1683,,,,,,,,
1684,,,,,,,|1684_1684_6_743_,
1685,,,,,,,,
1686,,,,,,,,
1687,,,,,,,,
1688,,,,,,,,
1689,,,,,,,,
1690,,,,,,,,
1691,,,,,,|1691_1691_5_745_,,
1692,,,,,,,,
1693,,,,,|1662_1693_4_738_,,,
1694,,,,,,,,
1695,,,,,|1692_1695_4_746_,,,
1696,,,,,,,,
1697,,,,,,,,
1698,,,,,,,,
1699,,,,,,,,
1700,,,,,,,,
1701,,,,,|1685_1701_4_744_,,,
1702,,,,,,,|1702_1702_6_748_,
1703,,,,,,,,
1704,,,,,,,,
1705,,,,,,|1666_1705_5_739_,,
1706,,|1706_1706_1_750_,,,,,,
1707,,,,,|1704_1707_4_749_,,,
1708,,,,,,,,
1709,,,,,,,,
1710,,,,,,,,
1711,,,,,,,,
1712,,,,,,,,
1713,,,,,,,|1713_1713_6_752_,
1714,,|1708_1714_1_751_,,,,,,
1715,,,,,,,,
1716,,,,,,,,
1717,,,,,,,|1717_1717_6_753_,
1718,,,,,,,,
1719,,,,,,,,
1720,,,,,,,,
1721,,,,,,,,
1722,,,,,,|1720_1722_5_754_,,
1723,,,,,,,,
1724,,,,,,,,
1725,,,,,,,,
1726,,,,,,,|1723_1726_6_755_,
1727,,,,,,,,
1728,,,,,|1696_1728_4_747_,,,
1729,,,,,,,|1726_1729_6_756_,
1730,,,,,,,,
1731,,,,,|1730_1731_4_757_,,,
1732,,,,,,,,
1733,,,,,|1732_1733_4_758_,,,
1734,,,,,,,,
1735,,,,,,,,
1736,,,,,,,,
1737,,,,,,,|1734_1737_6_759_,
1738,,,,,,,,
1739,,,,,,,,
1740,,,,,,,,
1741,,,,,,,,
1742,,,,,|1741_1742_4_760_,,,
1743,,,,,,,,
1744,,,,,|1743_1744_4_761_,,,
1745,,,,,,,,
1746,,,,,,,,
1747,,,,,,,,
1748,,,,,,,,
1749,,|1746_1749_1_762_,,,,,,
1750,,,,,,,,
1751,,,,,,,|1751_1751_6_764_,
1752,,,,,,,|1749_1752_6_763_,
1753,,,,,,,,
1754,,,,,,,,
1755,,,,,,,,
1756,,,,,,,,
1757,,,,,,,,
1758,,,,,,,,
1759,,|1756_1759_1_765_,,,,,,
1760,,,,,,,,
1761,,,,,,,|1758_1761_6_766_,
1762,,,,,,,,
1763,,,,,,,,
1764,,,,,,,,
1765,,,,,,,,
1766,,,,,,,,
1767,,,,,,,,
1768,,,,,,,,
1769,,,,,,,,
1770,,,,,,,,
1771,,,,,,,|1768_1771_6_767_,
1772,,,,,,,,
1773,,,,,,,,
1774,,,,,,,,
1775,,,,,,,,
1776,,,,,,,,
1777,,,,,,,,
1778,,,,,,,,
1779,,,,,,,,
1780,,,,,,,,
1781,,,,,,,,
1782,,,,,,,,
1783,,,,,,,,
1784,,,,,|1783_1784_4_769_,,,
1785,,,,,,,,
1786,,,,,,,,
1787,,,,,,,|1784_1787_6_770_,
1788,,,,,,,,
1789,,,,,,,,
1790,,,,,,,,
1791,,,,,,,|1791_1791_6_772_,
1792,,,,,,,,
1793,,,,,,,,
1794,,,,,,,,
1795,,,,,,,,
1796,,,,,,,,
1797,,,,,,,,
1798,,,,,,,,
1799,,,,,,,,
1800,,,,,,,,
1801,,,,,,,,
1802,,,,,|1797_1802_4_773_,,|1799_1802_6_774_,
1803,,,,,,,,
1804,,,,,,,|1801_1804_6_775_,
1805,,,,,,,,
1806,,,,,,,,
1807,,,,,,,,
1808,,,,,,,,
1809,,,,,,,,
1810,,,,,|1772_1810_4_768_,,,
1811,,,,,,,,
1812,,,,,|1811_1812_4_776_,,,
1813,,,,,,,,
1814,,,,,,,,
1815,,,,,,,,
1816,,,,,,,,
1817,,,,,|1790_1817_4_771_,,,
1818,,|1815_1818_1_778_,,,|1817_1818_4_779_,,,
1819,,,,,,,,
1820,,,,,,,,
1821,,,,,,,,
1822,,,,,,,,
1823,,,,,,,,
1824,,,,,,,,
1825,,,,,,,,
1826,,,,,,,|1823_1826_6_782_,
1827,,,,,,,,
1828,,,,,,,,
1829,,,,,,,|1826_1829_6_783_,
1830,,,,,,,,
1831,,,,,|1830_1831_4_785_,,,
1832,,,,,,,,
1833,,,,,,,|1833_1833_6_787_,
1834,,,,,|1818_1834_4_780_,,,
1835,,,,,,|1819_1835_5_781_,,
1836,,,,,|1835_1836_4_788_,,,
1837,,,,,,,,
1838,,,,,,,,
1839,,,,,,,,
1840,,,,,,,,
1841,,,,,|1840_1841_4_790_,,,
1842,,,,,,,,
1843,,,,,,,,
1844,,,,,,,,
1845,,,,,,,,
1846,,,,,|1813_1846_4_777_,,,
1847,,,,,,,,
1848,,,,,,,|1848_1848_6_792_,
1849,,|1846_1849_1_791_,,,,,,
1850,,,,,,,,
1851,,,,,|1850_1851_4_794_,,,
1852,,,,,,|1838_1852_5_789_,|1849_1852_6_793_,
1853,,,,,,,,
1854,,,,,,,|1851_1854_6_795_,
1855,,,,,,,,
1856,,,,,,|1831_1856_5_786_,,
1857,,,,,,,,
1858,,,,,,,,
1859,,,,,,,,
1860,,,,,,,,
1861,,,,,,,,
1862,,,,,,,,
1863,,,,,,,,
1864,,,,,,,,
1865,,,,,,,,
1866,,,,,|1865_1866_4_797_,,,
1867,,,,,,,,
1868,,,,,,,,
1869,,,,,|1829_1869_4_784_,,,
1870,,,,,,|1858_1870_5_796_,,
1871,,,,,,,,
1872,,,,,,,,
1873,,,,,,,,
1874,,,,,,,,
1875,,,,,,,,
1876,,,,,|1875_1876_4_798_,,,
1877,,,,,,,,
1878,,,,,|1877_1878_4_799_,,,
1879,,,,,,,,
1880,,,,,,,,
1881,,,,,,,,
1882,,,,,,,,
1883,,,,,,,,
1884,,,,,,,,
1885,,,,,,,,
1886,,,,,,,,
1887,,,,,,,,
1888,,,,,,,,
1889,,,,,,,,
1890,,,,,,,,
1891,,,,,,,,
1892,,,,,,,,
1893,,,,,,,,
1894,,,,,|1893_1894_4_804_,,,
1895,,,,,,,,
1896,,,,,,,|1896_1896_6_806_,
1897,,,,,,,,
1898,,,,,,,|1895_1898_6_805_,
1899,,,,,,,,
1900,,,,,,,|1900_1900_6_807_,
1901,,,,,,,,
1902,,,,,,,,
1903,,,,,,,,
1904,,,,,,,,
1905,,,,,|1904_1905_4_808_,,,
1906,,,,,,,,
1907,,,,,|1884_1907_4_800_,,,
1908,,,,,,,,
1909,,,,,,,,
1910,,,,,|1892_1910_4_803_|1909_1910_4_811_,,|1907_1910_6_810_,
1911,,,,,,,,
1912,,,,,,,,
1913,,,,,|1912_1913_4_812_,,,
1914,,,,,,,,
1915,,,,,,,,
1916,,,,,|1886_1916_4_801_,,,
1917,,,,,,,,
1918,,,,,,,,
1919,,,,,,,,
1920,,,,,|1919_1920_4_813_,,,
1921,,,,,,,,
1922,,,,,,,,
1923,,,,,,,,
1924,,,,,,|1890_1924_5_802_,,
1925,,,,,,,,
1926,,,,,,,,
1927,,,,,,,,
1928,,,,,|1927_1928_4_815_,,,
1929,,,,,,,,
1930,,,,,,|1906_1930_5_809_,,
1931,,,,,,,,
1932,,,,,|1921_1932_4_814_,,,
1933,,,,,,,,
1934,,,,,,,,
1935,,,,,,,,
1936,,,,,,,,
1937,,,,,,,,
1938,,,,,,,,
1939,,,,,,,,
1940,,,,,,|1940_1940_5_818_,,
1941,,,,,,,,
1942,,,,,,,|1939_1942_6_817_,
1943,,,,,,,,
1944,,,,,,,,
1945,,,,,,,|1942_1945_6_819_,
1946,,,,,,|1935_1946_5_816_,,
1947,,,,,,,,
1948,,,,,,,,
1949,,,,,,,,
1950,,,,,,,,
1951,,,,,,,,
1952,,,,,,,|1949_1952_6_821_,
1953,,,,,,,,
1954,,,,,,,,
1955,,,,,,,,
1956,,,,,,,,
1957,,,,,,,,
1958,,,,,,,,
1959,,,,,,,,
1960,,,,,,,,
1961,,,,,,,,
1962,,,,,,,,
1963,,,,,|1962_1963_4_822_,,,
1964,,,,,,,,
1965,,,,,,,,
1966,,,,,,,,
1967,,,,,,,,
1968,,,,,,,,
1969,,,,,,,,
1970,,,,,,,,
1971,,,,,,,,
1972,,,,,|1971_1972_4_823_,,|1972_1972_6_824_,
1973,,,,,,,,
1974,,,,,,,,
1975,,,,,,,,
1976,,,,,,,,
1977,,,,,,,,
1978,,,,,,,,
1979,,,,,,|1943_1979_5_820_,,
1980,,|1977_1980_1_825_,,,|1979_1980_4_826_,,,
1981,,,,,|1980_1981_4_827_,,,
1982,,,,,,,,
1983,,,,,,,,
1984,,,,,,,,
1985,,,,,,,,
1986,,,,,,,,
1987,,,,,,,,
1988,,,,,,,,
1989,,,,,,,,
1990,,,,,,,,
1991,,,,,,,,
1992,,,,,,,,
1993,,,,,,,,
1994,,,,,,,,
1995,,,,,,,,
1996,,,,,,,|1993_1996_6_828_,
1997,,,,,,,|1997_1997_6_829_,
1998,,,,,,,,
1999,,,,,,,,
2000,,,,,,,,
2001,,,,,,,,
2002,,,,,,,,
2003,,,,,,,,
2004,,,,,,,,
2005,,,,,,,,
2006,,,,,,,,
2007,,,,,,,|2004_2007_6_830_,
2008,,,,,,,,
2009,,,,,,,,
2010,,,,,,,,
2011,,|2008_2011_1_832_,,,,,,
2012,,,,,,,,
2013,,,,,|2012_2013_4_833_,,,
2014,,,,,,,,
2015,,,,,,,,
2016,,,,,,,,
2017,,,,,,,,
2018,,,,,,,,
2019,,,,,,,,
2020,,,,,,,,
2021,,,,,,,,
2022,,,,,,,,
2023,,,,,,,,
2024,,,,,,,,
2025,,,,,,,,
2026,,,,,,,,
2027,,,,,,,,
2028,,,,,|2027_2028_4_838_,,,
2029,,,,,,,,
2030,,,,,,|2017_2030_5_835_,,
2031,,,,,|2030_2031_4_839_,,,
2032,,,,,,,,
2033,,,,,,,,
2034,,,,,|2033_2034_4_840_,,,
2035,,,,,,,,
2036,,,,,|2005_2036_4_831_|2036_2036_4_841_,,,
2037,,,,,|2015_2037_4_834_,,,
2038,,,,,,,,
2039,,,,,,,,
2040,,,,,,,,
2041,,,,,,,,
2042,,,,,,,,
2043,,,,,,,,
2044,,,,,,,,
2045,,,,,,|2022_2045_5_836_,,
2046,,,,,,,,
2047,,,,,|2046_2047_4_842_,,,
2048,,,,,,|2048_2048_5_843_,,
2049,,,,,|2049_2049_4_844_,,,
2050,,,,,,,,
2051,,,,,,,,
2052,,,,,,,,
2053,,,,,,,,
2054,,,,,,,,
2055,,,,,,|2024_2055_5_837_,,
2056,,|2053_2056_1_845_,,,,,,
2057,,,,,,,,
2058,,,,,,,|2058_2058_6_847_,
2059,,,,,,,,
2060,,,,,,,,
2061,,,,,|2060_2061_4_848_,,,
2062,,,,,,,,
2063,,,,,,,,
2064,,,,,,,,
2065,,,,,,,,
2066,,,,,,,,
2067,,,,,,,|2067_2067_6_849_,
2068,,,,,,,,
2069,,,,,,,,
2070,,,,,,,,
2071,,,,,,,,
2072,,,,,,,,
2073,,,,,,,,
2074,,,,,|2073_2074_4_851_,,,
2075,,,,,,,,
2076,,,,,,,,
2077,,,,,,,,
2078,,,,,,|2078_2078_5_853_,,
2079,,,,,,,,
2080,,|2077_2080_1_852_,,,,|2057_2080_5_846_,,
2081,,,,,,,,
2082,,,,,,,,
2083,,,,,,,,
2084,,,,,,,,
2085,,,,,|2082_2085_4_855_|2084_2085_4_856_,,,
2086,,,,,,,,
2087,,,,,,,,
2088,,,,,,,,
2089,,,,,,,,
2090,,,,,,,,
2091,,,,,,,,
2092,,,,,,,,
2093,,,,,,,,
2094,,,,,,,,
2095,,,,,,,,
2096,,,,,|2095_2096_4_859_,,|2093_2096_6_857_,
2097,,,,,,|2094_2097_5_858_,,
2098,,,,,,,,
2099,,,,,,,,
2100,,,,,,,,
2101,,,,,,,,
2102,,,,,,,,
2103,,,,,|2072_2103_4_850_,,,
2104,,,,,,,,
2105,,,,,|2105_2105_4_860_,,,
2106,,,,,,,,
2107,,,,,,,,
2108,,,,,,,,
2109,,,,,,,,
2110,,,,,,,,
2111,,,,,,,,
2112,,,,,,,|2109_2112_6_861_,
2113,,,,,,,,
2114,,,,,,,,
2115,,,,,,,,
2116,,,,,,,,
2117,,,,,,,,
2118,,,,,,,,
2119,,,,,|2117_2119_4_862_,,,
2120,,,,,,,,
2121,,,,,|2120_2121_4_863_,|2081_2121_5_854_,,
2122,,,,,,,,
2123,,,,,,,,
2124,,,,,,,,
2125,,,,,,,,
2126,,,,,,,,
2127,,,,,,,,
2128,,,,,,,,
2129,,,,,,,,
2130,,,,,,,,
2131,,,,,,,,
2132,,,,,,,,
2133,,,,,,,|2130_2133_6_865_,
2134,,,,,,,,
2135,,,,,,,,
2136,,,,,,,,
2137,,,,,,,,
2138,,,,,,,,
2139,,,,,,,,
2140,,,,,,,,
2141,,,,,,,,
2142,,,,,,,,
2143,,,,,,,,
2144,,,,,,,|2141_2144_6_869_,
2145,,,,,,,,
2146,,,,,,,,
2147,,,,,,|2136_2147_5_867_,,
2148,,|2145_2148_1_870_,,,,,,
2149,,,,,,,|2149_2149_6_871_,
2150,,,,,,,,
2151,,,,,,,,
2152,,,,,|2151_2152_4_872_,,,
2153,,,,,,,,
2154,,,,,,,,
2155,,,,,|2133_2155_4_866_|2154_2155_4_873_,,,
2156,,,,,,,,
2157,,,,,,,|2157_2157_6_874_,
2158,,,,,,,,
2159,,,,,,,,
2160,,,,,,,,
2161,,,,,,,,
2162,,,,,,|2126_2162_5_864_,,
2163,,,,,,,,
2164,,,,,,,,
2165,,,,,,,,
2166,,,,,,,,
2167,,,,,,,,
2168,,,,,,,,
2169,,,,,,,|2166_2169_6_875_,
2170,,,,,,,,
2171,,,,,,,,
2172,,,,,,,,
2173,,,,,,,,
2174,,,,,,,,
2175,,,,,,,,
2176,,,,,,,|2176_2176_6_878_,
2177,,,,,,,,
2178,,,,,|2140_2178_4_868_,,,
2179,,,,,,,,
2180,,,,,|2175_2180_4_877_,,,
2181,,,,,,,,
2182,,,,,,,,
2183,,,,,,,|2180_2183_6_879_,
2184,,,,,,,|2181_2184_6_880_,
2185,,,,,,,,
2186,,,,,,,,
2187,,,,,,,,
2188,,,,,,,,
2189,,,,,,,,
2190,,,,,,,,
2191,,,,,,,,
2192,,,,,,,,
2193,,,,,,,,
2194,,,,,,,,
2195,,,,,,,,
2196,,,,,|2195_2196_4_883_,,,
2197,,,,,,,,
2198,,,,,,,|2198_2198_6_884_,
2199,,,,,|2171_2199_4_876_,,,
2200,,,,,,,,
2201,,,,,,,,
2202,,,,,,,,
2203,,,,,|2193_2203_4_881_,,,
2204,,,,,,,,
2205,,,,,,,,
2206,,,,,,,,
2207,,,,,,,,
2208,,,,,,,|2208_2208_6_886_,
2209,,|2206_2209_1_885_,,,,,,
2210,,,,,,,,
2211,,,,,,,,
2212,,,,,,,|2212_2212_6_887_,
2213,,,,,,,,
2214,,,,,,,,
2215,,,,,,,,
2216,,,,,,,,
2217,,,,,,,,
2218,,,,,,,,
2219,,,,,,,,
2220,,,,,,,,
2221,,,,,,,,
2222,,,,,,,,
2223,,,,,,,,
2224,,,,,,,,
2225,,,,,,,,
2226,,,,,,,,
2227,,,,,,,,
2228,,,,,,,|2228_2228_6_888_,
2229,,,,,,,|2229_2229_6_889_,
2230,,,,,,,,
2231,,,,,,,,
2232,,,,,,,,
2233,,,,,,,,
2234,,|2231_2234_1_890_,,,|2194_2234_4_882_,,,
2235,,,,,,,,
2236,,|2233_2236_1_891_,,,,,,
2237,,,,,,,,
2238,,,,,,,,
2239,,,,,,,,
2240,,,,,,,,
2241,,,,,,,,
2242,,,,,,,|2242_2242_6_893_,
2243,,,,,|2243_2243_4_894_,,,
2244,,,,,,,,
2245,,,,,,,,
2246,,,,,,,,
2247,,,,,,,,
2248,,,,,,,,
2249,,,,,,,,
2250,,,,,,,,
2251,,,,,,,,
2252,,,,,,,,
2253,,,,,,,,
2254,,,,,,,,
2255,,,,,,,,
2256,,,,,,,,
2257,,,,,,,,
2258,,,,,,,,
2259,,,,,,,,
2260,,|2257_2260_1_895_,,,,,,
2261,,,,,,,,
2262,,,,,,|2234_2262_5_892_,,
2263,,,,,,,,
2264,,,,,,,,
2265,,,,,,,,
2266,,,,,,,,
2267,,,,,,,,
2268,,,,,,,,
2269,,,,,,,,
2270,,,,,,,,
2271,,,,,,,,
2272,,,,,,,,
2273,,,,,,,,
2274,,,,,,,,
2275,,,,,,,,
2276,,,,,|2266_2276_4_896_,,,
2277,,,,,,,,
2278,,,,,,,,
2279,,,,,,,,
2280,,,,,,,|2280_2280_6_899_,
2281,,,,,,,,
2282,,|2279_2282_1_898_,,,,,,
2283,,,,,,,,
2284,,,,,,,|2281_2284_6_900_,
2285,,,,,,,,
2286,,,,,,,,
2287,,,,,,,,
2288,,,,,,,,
2289,,,,,,,,
2290,,,,,,,,
2291,,|2288_2291_1_901_,,,,,,
2292,,,,,,,,
2293,,|2290_2293_1_902_,,,,,|2293_2293_6_903_,
2294,,,,,,,,
2295,,,,,,,,
2296,,,,,,,,
2297,,,,,,,,
2298,,,,,,,,
2299,,,,,,,,
2300,,,,,,,|2297_2300_6_904_,
2301,,,,,,,,
2302,,,,,,,,
2303,,,,,,,,
2304,,,,,,,,
2305,,,,,,,,
2306,,,,,,,,
2307,,,,,|2307_2307_4_906_,,,
2308,,,,,,,,
2309,,,,,,,,
2310,,,,,,,,
2311,,,,,|2278_2311_4_897_,,,
2312,,,,,,,,
2313,,,,,,,,
2314,,,,,,,,
2315,,,,,,,,
2316,,,,,,,,
2317,,,,,,,,
2318,,,,,|2298_2318_4_905_,,,
2319,,,,,,,,
2320,,,,,,,,
2321,,,,,,,,
2322,,,,,,,,
2323,,,,,,,,
2324,,,,,,,,
2325,,,,,,,,
2326,,,,,,,,
2327,,,,,,,,
2328,,,,,,,,
2329,,,,,,,,
2330,,,,,,,,
2331,,,,,,,,
2332,,,,,,,,
2333,,,,,,,,
2334,,,,,,,,
2335,,,,,,,,
2336,,,,,,,,
2337,,,,,,,,
2338,,,,,,,,
2339,,,,,,,,
2340,,,,,,,,
2341,,,,,,,,
2342,,,,,,,,
2343,,,,,,,,
2344,,,,,,,,
2345,,,,,,,,
2346,,,,,,,,
2347,,,,,,,,
2348,,,,,,,,
2349,,,,,,,|2349_2349_6_908_,
2350,,,,,,,,
2351,,,,,,,,
2352,,,,,,,,
2353,,,,,,,,
2354,,,,,,,,
2355,,|2352_2355_1_909_,,,,,,
2356,,,,,,,,
2357,,,,,|2326_2357_4_907_,,,
2358,,,,,,,,
2359,,,,,,,|2356_2359_6_910_,
2360,,,,,,,,
2361,,,,,,,,
2362,,,,,,,,
2363,,,,,,,,
2364,,,,,,,,
2365,,,,,,,,
2366,,,,,,,,
2367,,,,,,,,
2368,,,,,,,,
2369,,,,,,,|2369_2369_6_911_,
2370,,,,,,,,
2371,,,,,,,,
2372,,,,,,,,
2373,,,,,,,,
2374,,,,,,,,
2375,,,,,,,,
2376,,,,,,,,
2377,,,,,,,|2377_2377_6_913_,
2378,,,,,,,,
2379,,,,,,,,
2380,,,,,,,,
2381,,,,,,,,
2382,,,,,,,,
2383,,,,,,,,
2384,,,,,,,,
2385,,,,,,,,
2386,,,,,,,,
2387,,,,,,|2375_2387_5_912_,,
2388,,,,,,,|2385_2388_6_915_,
2389,,,,,|2388_2389_4_916_,,,
2390,,,,,,,|2390_2390_6_917_,
2391,,,,,,,,
2392,,,,,,,,
2393,,,,,,,,
2394,,,,,,,,
2395,,,,,,,,
2396,,,,,,,,
2397,,,,,,,,
2398,,,,,,,,
2399,,,,,,,,
2400,,,,,,,,
2401,,,,,,,,
2402,,,,,,,,
2403,,,,,|2403_2403_4_920_,,,
2404,,,,,,,|2401_2404_6_918_,
2405,,,,,|2379_2405_4_914_,,,
2406,,,,,,,,
2407,,,,,,,,
2408,,,,,,,,
2409,,,,,,,,
2410,,,,,,,,
2411,,,,,,,,
2412,,,,,,,,
2413,,|2410_2413_1_922_,,,,,,
2414,,,,,,,,
2415,,,,,,,,
2416,,,,,,,,
2417,,,,,,,,
2418,,|2415_2418_1_923_,,,,,,
2419,,,,,,,|2416_2419_6_924_,
2420,,,,,,,,
2421,,,,,,,,
2422,,,,,,,,
2423,,,,,,,,
2424,,,,,,,,
2425,,,,,,,,
2426,,|2423_2426_1_925_,,,,,,
2427,,,,,,,,
2428,,,,,,,,
2429,,,,,,,,
2430,,,,,,,,
2431,,,,,,,,
2432,,,,,,,,
2433,,,,,,,,
2434,,,,,,,,
2435,,,,,,,,
2436,,,,,,,,
2437,,,,,,,,
2438,,,,,|2432_2438_4_927_,,,
2439,,,,,,,,
2440,,,,,,,,
2441,,,,,|2441_2441_4_929_,,,
2442,,,,,|2402_2442_4_919_,,|2439_2442_6_928_|2442_2442_6_930_,
2443,,,,,|2404_2443_4_921_,,,
2444,,,,,,,,
2445,,,,,,,,
2446,,,,,|2444_2446_4_931_,,,
2447,,,,,,,,
2448,,,,,,,,
2449,,,,,,,,
2450,,,,,,,,
2451,,,,,,,,
2452,,,,,,,,
2453,,,,,,,,
2454,,,,,,,,
2455,,,,,|2455_2455_4_932_,,,
2456,,,,,,,,
2457,,,,,,,,
2458,,,,,,,,
2459,,,,,,,,
2460,,,,,,,,
2461,,,,,,|2426_2461_5_926_,,
2462,,,,,,,,
2463,,,,,,,,
2464,,,,,,,,
2465,,,,,,,,
2466,,,,,,,,
2467,,,,,,,,
2468,,,,,,,,
2469,,,,,,,,
2470,,,,,,,,
2471,,,,,,,,
2472,,,,,,,,
2473,,,,,,,,
2474,,,,,,,,
2475,,,,,,,,
2476,,,,,,,,
2477,,,,,,,,
2478,,,,,,,,
2479,,,,,,,,
2480,,,,,|2477_2480_4_933_,,,
2481,,,,,,,,
2482,,,,,,,,
2483,,,,,,,,
2484,,,,,,,,
2485,,,,,,,,
2486,,,,,,,,
2487,,,,,,,,
2488,,,,,,,|2488_2488_6_935_,
2489,,,,,,,,
2490,,,,,,,,
2491,,,,,,,,
2492,,,,,,,,
2493,,,,,,,,
2494,,,,,,,,
2495,,,,,,,,
2496,,,,,,,,
2497,,,,,,,,
2498,,,,,,,,
2499,,,,,,,,
2500,,,,,,,,
2501,,,,,,,,
2502,,,,,,,,
2503,,,,,,,,
2504,,,,,,,,
2505,,,,,,,,
2506,,,,,,,,
2507,,,,,,,,
2508,,,,,,,,
2509,,,,,,,,
2510,,,,,|2502_2510_4_936_,,,
2511,,,,,,,,
2512,,,,,|2483_2512_4_934_,,,
2513,,,,,,,,
2514,,,,,,,,
2515,,,,,,,,
2516,,,,,,,,
2517,,,,,,,,
2518,,,,,,,,
2519,,,,,,,,
2520,,,,,,,,
2521,,,,,,,,
2522,,,,,,,,
2523,,,,,,,,
2524,,,,,,,,
2525,,,,,,,,
2526,,,,,,,,
2527,,,,,,,,
2528,,,,,,,,
2529,,,,,,,|2523_2529_6_937_,
2530,,,,,,,,
2531,,,,,,,,
2532,,,,,,,,
2533,,,,,,,,
2534,,,,,,,,
2535,,,,,,,,
2536,,,,,,,,
2537,,,,,,,,
2538,,,,,,,,
2539,,,,,,,,
2540,,,,,,,,
2541,,,,,,,,
2542,,,,,,,,
2543,,,,,,,,
2544,,,,,,,,
2545,,,,,,,,
2546,,,,,,,,
2547,,,,,,|2542_2547_5_939_,|2547_2547_6_940_,
2548,,,,,,,,
2549,,,,,,,|2549_2549_6_941_,
2550,,,,,,,,
2551,,,,,,,,
2552,,,,,,,,
2553,,,,,,,,
2554,,,,,,,,
2555,,,,,,,,
2556,,,,,,,,
2557,,,,,,,,
2558,,,,,,,,
2559,,,,,,,,
2560,,,,,,,,
2561,,,,,,,,
2562,,,,,,,,
2563,,,,,,,,
2564,,,,,,,,
2565,,,,,,,,
2566,,,,,,,,
2567,,,,,|2530_2567_4_938_,,,
2568,,,,,|2562_2568_4_942_,,,
2569,,,,,,,,
2570,,,,,,,,
2571,,,,,,,,
2572,,,,,,,,
2573,,,,,,,,
2574,,,,,,,,
2575,,,,,,,|2575_2575_6_943_,
2576,,,,,,,,
2577,,,,,,,,
2578,,,,,,,,
2579,,,,,,,,
2580,,,,,,,,
2581,,,,,,,,
2582,,,,,,,|2576_2582_6_944_,
2583,,,,,,,,
2584,,,,,,,,
2585,,,,,,,,
2586,,,,,,,,
2587,,,,,,,,
2588,,,,,,,,
2589,,|2584_2589_1_946_,,,,,,
2590,,,,,,,,
2591,,,,,,,,
2592,,,,,|2586_2592_4_947_,,,
2593,,,,,,,|2593_2593_6_948_,
2594,,,,,,,,
2595,,,,,|2594_2595_4_949_,,,
2596,,,,,,,,
2597,,,,,,,,
2598,,,,,,,,
2599,,,,,,,,
2600,,,,,,,,
2601,,,,,|2598_2601_4_950_,,,
2602,,,,,,,,
2603,,,,,,,,
2604,,,,,,,,
2605,,,,,,,,
2606,,,,,,,,
2607,,,,,,,,
2608,,,,,,,,
2609,,,,,|2579_2609_4_945_,,,
2610,,,,,,,,
2611,,,,,,,,
2612,,,,,,,,
2613,,,,,,,|2613_2613_6_952_,
2614,,,,,,,,
2615,,,,,,,,
2616,,,,,,,,
2617,,,,,,,,
2618,,,,,,,,
2619,,,,,,,,
2620,,,,,,,,
2621,,,,,,,,
2622,,,,,,,,
2623,,,,,,,,
2624,,,,,,,,
2625,,,,,|2622_2625_4_953_,,,
2626,,,,,,,,
2627,,,,,,,,
2628,,,,,,,,
2629,,,,,,,,
2630,,,,,,,,
2631,,,,,,,,
2632,,,,,,,,
2633,,,,,,,,
2634,,|2629_2634_1_955_,,,,,,
2635,,,,,,,,
2636,,|2631_2636_1_957_,,,|2604_2636_4_951_,,,
2637,,,,,,,,
2638,,,,,,,,
2639,,,,,,,,
2640,,,,,,,,
2641,,,,,,,,
2642,,,,,,,,
2643,,,,,,,,
2644,,,,,,,,
2645,,,,,,,,
2646,,,,,,,,
2647,,,,,,,,
2648,,,,,,,|2648_2648_6_958_,
2649,,,,,,,,
2650,,,,,,,,
2651,,,,,,,,
2652,,,,,,,,
2653,,,,,,,,
2654,,,,,,,,
2655,,,,,|2625_2655_4_954_,,,
2656,,,,,,,,
2657,,,,,,,,
2658,,,,,,,,
2659,,,,,,,,
2660,,,,,|2660_2660_4_960_,,,
2661,,,,,|2651_2661_4_959_,,,
2662,,,,,,,,
2663,,,,,,,,
2664,,,,,,,,
2665,,,,,,,,
2666,,,,,,,,
2667,,,,,|2664_2667_4_961_,,,
2668,,,,,,,,
2669,,,,,,,,
2670,,,,,|2630_2670_4_956_,,,
2671,,,,,,,,
2672,,,,,,,,
2673,,,,,|2672_2673_4_963_,,,
2674,,,,,,,,
2675,,,,,,,|2675_2675_6_965_,
2676,,,,,,,,
2677,,,,,,,,
2678,,,,,,,,
2679,,,,,,,,
2680,,,,,,,,
2681,,,,,,,,
2682,,,,,,,,
2683,,,,,|2674_2683_4_964_,,,
2684,,,,,|2681_2684_4_966_,,,
2685,,,,,,,,
2686,,,,,,,,
2687,,,,,,,,
2688,,,,,|2685_2688_4_967_,,,
2689,,,,,|2686_2689_4_968_,,,
2690,,,,,,,,
2691,,,,,,,,
2692,,,,,,,|2692_2692_6_969_,
2693,,,,,,,,
2694,,,,,,,,
2695,,,,,,,,
2696,,,,,,,,
2697,,,,,|2668_2697_4_962_,,,
2698,,,,,,,,
2699,,,,,,,,
2700,,,,,,,,
2701,,,,,,,,
2702,,,,,,,,
2703,,,,,|2698_2703_4_970_,,,
2704,,,,,,,,
2705,,,,,,,,
2706,,,,,,,,
2707,,,,,,,,
2708,,,,,,,,
2709,,,,,|2706_2709_4_971_,,,
2710,,,,,,,,
2711,,,,,,,,
2712,,,,,,,,
2713,,,,,,,,
2714,,,,,,,,
2715,,,,,,,,
2716,,,,,,,,
2717,,,,,,,,
2718,,,,,,|2718_2718_5_975_,,
2719,,,,,|2717_2719_4_974_,,,
2720,,,,,|2719_2720_4_976_,,|2720_2720_6_977_,
2721,,,,,,,,
2722,,,,,,,,
2723,,,,,,,,
2724,,,,,,,,
2725,,,,,,,,
2726,,,,,,,,
2727,,,,,,,,
2728,,,,,,,,
2729,,,,,,,,
2730,,,,,|2729_2730_4_979_,,,
2731,,,,,,,,
2732,,,,,,,,
2733,,,,,,,,
2734,,,,,,,,
2735,,,,,,,,
2736,,,,,|2728_2736_4_978_,,,
2737,,,,,,,,
2738,,,,,,,,
2739,,,,,,,,
2740,,,,,,,,
2741,,,,,,,,
2742,,,,,,,,
2743,,,,,,,,
2744,,,,,|2712_2744_4_972_|2743_2744_4_981_,,,
2745,,,,,,,,
2746,,,,,,,,
2747,,,,,,,,
2748,,,,,,,,
2749,,,,,,,,
2750,,,,,,,,
2751,,,,,,,|2751_2751_6_982_,
2752,,,,,|2714_2752_4_973_,,,
2753,,,,,,,,
2754,,,,,,,,
2755,,,,,,,,
2756,,,,,,,,
2757,,,,,,,|2757_2757_6_983_,
2758,,,,,,,,
2759,,,,,,,,
2760,,,,,,,,
2761,,,,,,,,
2762,,,,,,,,
2763,,,,,,,,
2764,,,,,,,,
2765,,,,,,,,
2766,,|2763_2766_1_984_,,,,,,
2767,,,,,,,|2764_2767_6_985_,
2768,,,,,,,,
2769,,,,,,,,
2770,,,,,,,,
2771,,,,,,,,
2772,,,,,,,,
2773,,,,,,,,
2774,,,,,,,,
2775,,,,,,,,
2776,,,,,,,,
2777,,,,,|2738_2777_4_980_,,,
2778,,,,,,,,
2779,,,,,,,,
2780,,,,,,,,
2781,,,,,,,,
2782,,,,,,,,
2783,,,,,,,,
2784,,,,,,,,
2785,,,,,,,,
2786,,,,,,,,
2787,,,,,,,,
2788,,,,,,,,
2789,,,,,,,,
2790,,,,,,,,
2791,,,,,,,,
2792,,,,,,,,
2793,,,,,,,,
2794,,,,,,,,
2795,,,,,,,,
2796,,,,,,,,
2797,,,,,,,,
2798,,,,,,,,
2799,,,,,,,,
2800,,,,,|2787_2800_4_987_,,,
2801,,,,,,,,
2802,,,,,,,,
2803,,,,,|2789_2803_4_988_,,,
2804,,,,,,,,
2805,,,,,,,|2802_2805_6_991_,
2806,,,,,,,,
2807,,,,,,,,
2808,,,,,|2784_2808_4_986_,,,
2809,,,,,,,,
2810,,,,,,,,
2811,,,,,,,,
2812,,,,,,,,
2813,,,,,,,,
2814,,,,,,,,
2815,,,,,,,,
2816,,,,,,,,
2817,,,,,|2790_2817_4_989_,,,
2818,,,,,|2791_2818_4_990_,,,
2819,,,,,,,,
2820,,,,,,,,
2821,,,,,,,,
2822,,,,,,,,
2823,,,,,,,,
2824,,,,,,,,
2825,,,,,,,,
2826,,,,,,,,
2827,,,,,,,,
2828,,,,,,,,
2829,,,,,,,,
2830,,,,,,,,
2831,,,,,,,,
2832,,,,,,,,
2833,,,,,,,,
2834,,,,,,,,
2835,,,,,,,,
2836,,,,,,,,
2837,,,,,,,,
2838,,,,,,,,
2839,,,,,,,,
2840,,,,,,,,
2841,,,,,,,,
2842,,,,,,,,
2843,,,,,,,,
2844,,,,,,,,
2845,,,,,,,,
2846,,,,,,,,
2847,,,,,,,,
2848,,,,,|2813_2848_4_992_,,|2845_2848_6_996_,
2849,,,,,,,,
2850,,,,,,,,
2851,,,,,,,|2851_2851_6_997_,
2852,,,,,,,,
2853,,,,,,,,
2854,,,,,,,,
2855,,,,,,,,
2856,,,,,,,,
2857,,,,,,,,
2858,,,,,,,,
2859,,,,,|2844_2859_4_995_,,,
2860,,,,,|2855_2860_4_998_,,,
2861,,,,,|2825_2861_4_993_,,,
2862,,,,,,,,
2863,,,,,,,,
2864,,,,,,,,
2865,,,,,,,,
2866,,,,,,,,
2867,,,,,,,,
2868,,,,,,,,
2869,,,,,,,,
2870,,,,,,,,
2871,,,,,,,,
2872,,,,,|2838_2872_4_994_,,,
2873,,,,,,,,
2874,,,,,,,,
2875,,,,,,,,
2876,,,,,,,,
2877,,,,,,,,
2878,,,,,,,,
2879,,,,,,,,
2880,,,,,,,,
2881,,,,,,,,
2882,,,,,,,,
2883,,,,,,,,
2884,,,,,,,,
2885,,,,,,,,
2886,,,,,,,,
2887,,,,,,,,
2888,,,,,,,,
2889,,,,,,,,
2890,,|2887_2890_1_1002_,,,,,,
2891,,,,,,,|2891_2891_6_1003_,
2892,,,,,,,,
2893,,,,,,,,
2894,,,,,,,,
2895,,,,,,,,
2896,,,,,,,,
2897,,,,,,,,
2898,,,,,,,,
2899,,,,,,,,
2900,,,,,,,,
2901,,,,,|2863_2901_4_999_,,,
2902,,,,,,,,
2903,,,,,,,,
2904,,,,,|2866_2904_4_1000_,,,
2905,,,,,,,,
2906,,,,,,,,
2907,,,,,,,,
2908,,,,,|2869_2908_4_1001_,,,
2909,,,,,,,,
2910,,,,,,,|2910_2910_6_1007_,
2911,,,,,,,,
2912,,,,,,,,
2913,,,,,,,,
2914,,,,,,,,
2915,,,,,,,,
2916,,,,,,,,
2917,,,,,,,,
2918,,,,,,,,
2919,,,,,,,,
2920,,,,,,,|2917_2920_6_1008_,
2921,,,,,,,,
2922,,,,,,,,
2923,,,,,,,,
2924,,,,,,,,
2925,,,,,,,,
2926,,,,,,,,
2927,,,,,|2897_2927_4_1004_,,,
2928,,,,,,,,
2929,,,,,,,,
2930,,,,,,,,
2931,,,,,,,,
2932,,,,,|2898_2932_4_1005_,,,
2933,,,,,,,,
2934,,,,,,,,
2935,,,,,,,,
2936,,,,,,,,
2937,,,,,,,,
2938,,,,,|2909_2938_4_1006_,,,
2939,,,,,,,,
2940,,,,,,,,
2941,,,,,,,,
2942,,,,,,,,
2943,,,,,,,|2943_2943_6_1009_,
2944,,,,,,,,
2945,,,,,,,,
2946,,,,,,,,
2947,,,,,,,,
2948,,,,,,,,
2949,,,,,,,,
2950,,,,,,,,
2951,,,,,,,,
2952,,,,,,,,
2953,,,,,,,,
2954,,,,,,,,
2955,,,,,,,,
2956,,,,,,,,
2957,,,,,,,,
2958,,,,,,,,
2959,,,,,,,,
2960,,,,,,,,
2961,,,,,,,,
2962,,,,,,,,
2963,,,,,,,,
2964,,,,,,,,
2965,,,,,,,,
2966,,,,,,,,
2967,,,,,,,,
2968,,,,,,,,
2969,,,,,,,,
2970,,,,,,,,
2971,,,,,,,,
2972,,,,,,,,
2973,,,,,,,,
2974,,,,,,,,
2975,,,,,,,,
2976,,,,,|2975_2976_4_1011_,,,
2977,,,,,,,,
2978,,,,,,,,
2979,,,,,,,,
2980,,,,,|2968_2980_4_1010_,,,
2981,,,,,,,,
2982,,,,,,,,
2983,,,,,,,,
2984,,,,,,,,
2985,,,,,,,,
2986,,,,,,,,
2987,,,,,,,,
2988,,,,,,,,
2989,,,,,,,|2989_2989_6_1013_,
2990,,,,,,,,
2991,,,,,,,,
2992,,,,,,,,
2993,,,,,,,,
2994,,,,,,,,
2995,,,,,,,,
2996,,,,,,,,
2997,,,,,,,,
2998,,,,,,,,
2999,,,,,,,,
3000,,,,,,,,
3001,,,,,,,,
3002,,,,,,,,
3003,,,,,,,,
3004,,,,,,,,
3005,,,,,,,,
3006,,,,,,,,
3007,,|3004_3007_1_1014_,,,,,,
3008,,,,,|2980_3008_4_1012_,,,
3009,,,,,|3009_3009_4_1016_,,|3006_3009_6_1015_,
3010,,,,,,,,
3011,,,,,,,,
3012,,,,,,,,
3013,,,,,,,,
3014,,,,,,,,
3015,,,,,,,,
3016,,,,,,,,
3017,,,,,,,,
3018,,,,,,,,
3019,,,,,,,,
3020,,,,,,,,
3021,,,,,,,|3018_3021_6_1018_,
3022,,,,,,,,
3023,,,,,,,,
3024,,,,,,,|3021_3024_6_1019_,
3025,,,,,,,|3022_3025_6_1020_,
3026,,,,,,,,
3027,,,,,,,,
3028,,,,,,,,
3029,,,,,,,,
3030,,,,,,,,
3031,,,,,,,,
3032,,,,,,,,
3033,,,,,,,,
3034,,,,,,,,
3035,,,,,,,,
3036,,,,,,,|3033_3036_6_1022_,
3037,,,,,,,,
3038,,,,,,,,
3039,,|3036_3039_1_1023_,,,,,,
3040,,,,,,,,
3041,,,,,,,,
3042,,,,,,,,
3043,,,,,|3042_3043_4_1024_,,,
3044,,,,,,,,
3045,,,,,,,,
3046,,,,,,,,
3047,,,,,,,,
3048,,,,,,,,
3049,,,,,,,,
3050,,|3047_3050_1_1025_,,,|3013_3050_4_1017_,,,
3051,,,,,,,,
3052,,,,,,,,
3053,,,,,,,,
3054,,,,,,,,
3055,,,,,,,,
3056,,,,,,,,
3057,,,,,,,,
3058,,,,,,,,
3059,,,,,,,,
3060,,|3057_3060_1_1027_,,,,,,
3061,,,,,,,,
3062,,,,,,,,
3063,,,,,,,,
3064,,,,,|3026_3064_4_1021_,,,
3065,,,,,,,,
3066,,,,,,,,
3067,,,,,,,,
3068,,,,,,,,
3069,,,,,,,,
3070,,,,,,,,
3071,,,,,,,,
3072,,,,,,,,
3073,,,,,,,,
3074,,,,,|3071_3074_4_1029_,,,
3075,,,,,,,,
3076,,,,,|3055_3076_4_1026_,,,
3077,,,,,,,,
3078,,,,,,,,
3079,,,,,,,,
3080,,,,,,,,
3081,,,,,,,,
3082,,,,,,,,
3083,,|3080_3083_1_1031_,,,,,,
3084,,,,,,,,
3085,,,,,,,,
3086,,,,,|3074_3086_4_1030_,,,
3087,,|3084_3087_1_1032_,,,,,,
3088,,,,,,,|3088_3088_6_1034_,
3089,,,,,|3070_3089_4_1028_,,,
3090,,,,,,,,
3091,,,,,,,,
3092,,,,,|3086_3092_4_1033_,,,
3093,,,,,,,,
3094,,,,,,,,
3095,,,,,,,|3095_3095_6_1036_,
3096,,|3093_3096_1_1035_,,,,,,
3097,,,,,,,,
3098,,,,,,,,
3099,,,,,,,,
3100,,,,,,,,
3101,,,,,,,,
3102,,,,,,,,
3103,,,,,,,,
3104,,,,,,,,
3105,,,,,,,,
3106,,,,,,,,
3107,,,,,,,,
3108,,,,,,,,
3109,,,,,,,,
3110,,,,,,,,
3111,,,,,,,,
3112,,,,,,,,
3113,,,,,,,,
3114,,,,,,,,
3115,,,,,,,,
3116,,,,,,,,
3117,,,,,,,,
3118,,,,,,,,
3119,,,,,,,,
3120,,,,,,,,
3121,,|3118_3121_1_1037_,,,,,,
3122,,,,,,,,
3123,,,,,,,,
3124,,,,,,,,
3125,,,,,,,|3125_3125_6_1038_,
3126,,,,,,,,
3127,,,,,,,,
3128,,,,,,,,
3129,,,,,,,,
3130,,,,,,,,
3131,,,,,,,,
3132,,,,,,,,
3133,,,,,,,,
3134,,,,,,,,
3135,,,,,,,,
3136,,,,,,,,
3137,,,,,,,|3137_3137_6_1039_,
3138,,,,,,,,
3139,,,,,,,,
3140,,,,,,,,
3141,,,,,,,,
3142,,,,,,,,
3143,,,,,,,,
3144,,,,,,,,
3145,,,,,,,,
3146,,,,,,,,
3147,,,,,,,,
3148,,,,,,,,
3149,,,,,,,,
3150,,,,,|3149_3150_4_1040_,,,
3151,,,,,,,,
3152,,,,,,,,
3153,,,,,,,,
3154,,,,,,,,
3155,,,,,,,,
3156,,,,,,,,
3157,,,,,,,,
3158,,,,,,,,
3159,,,,,,,,
3160,,,,,|3159_3160_4_1042_,,,
3161,,,,,,,,
3162,,,,,,,,
3163,,,,,,,,
3164,,,,,,,,
3165,,,,,,,,
3166,,,,,,,|3166_3166_6_1044_,
3167,,,,,,,,
3168,,,,,,,,
3169,,,,,,,,
3170,,,,,,,,
3171,,,,,,,,
3172,,,,,,,,
3173,,,,,,,,
3174,,,,,,,,
3175,,,,,|3174_3175_4_1046_,,|3175_3175_6_1047_,
3176,,,,,,,,
3177,,,,,,,,
3178,,,,,,,,
3179,,,,,,,,
3180,,,,,,,,
3181,,,,,,,,
3182,,,,,,,,
3183,,,,,,,,
3184,,,,,,,,
3185,,,,,|3182_3185_4_1048_,,,
3186,,,,,,,,
3187,,,,,,,,
3188,,,,,,,,
3189,,,,,,,,
3190,,,,,,,,
3191,,,,,,,,
3192,,,,,,,,
3193,,,,,|3154_3193_4_1041_,,,
3194,,,,,,,,
3195,,,,,,,,
3196,,,,,,,,
3197,,,,,|3164_3197_4_1043_,,,
3198,,,,,,,,
3199,,,,,,,,
3200,,,,,,,,
3201,,,,,,,|3201_3201_6_1049_,
3202,,,,,,,,
3203,,,,,|3168_3203_4_1045_,,,
3204,,,,,,,,
3205,,,,,,,,
3206,,,,,,,,
3207,,|3204_3207_1_1050_,,,,,,
3208,,,,,,,,
3209,,,,,,,,
3210,,,,,,,,
3211,,,,,,,,
3212,,,,,,,,
3213,,,,,,,,
3214,,,,,,,,
3215,,,,,,,,
3216,,,,,,,,
3217,,,,,,,,
3218,,,,,,,,
3219,,,,,,,,
3220,,,,,,,,
3221,,,,,,,,
3222,,,,,,,,
3223,,,,,,,,
3224,,,,,,,,
3225,,,,,,,,
3226,,,,,,,|3223_3226_6_1051_,
3227,,,,,,,,
3228,,,,,,,|3228_3228_6_1053_,
3229,,|3226_3229_1_1052_,,,,,,
3230,,,,,,,,
3231,,,,,,,,
3232,,|3229_3232_1_1054_,,,,,,
3233,,,,,,,,
3234,,,,,,,,
3235,,,,,,,,
3236,,,,,,,,
3237,,,,,,,,
3238,,,,,,,,
3239,,,,,,,,
3240,,,,,,,|3237_3240_6_1055_,
3241,,,,,,,,
3242,,,,,,,,
3243,,,,,,,,
3244,,,,,,,,
3245,,,,,,,,
3246,,|3243_3246_1_1056_,,,,,,
3247,,,,,,,,
3248,,,,,,,,
3249,,,,,,,,
3250,,,,,,,,
3251,,,,,,,,
3252,,,,,,,|3252_3252_6_1057_,
3253,,,,,,,,
3254,,,,,,,,
3255,,,,,,,,
3256,,,,,,,,
3257,,,,,,,,
3258,,,,,|3258_3258_4_1058_,,,
3259,,,,,,,,
3260,,,,,,,,
3261,,,,,,,,
3262,,,,,,,,
3263,,,,,,,,
3264,,,,,,,,
3265,,,,,,,,
3266,,,,,,,,
3267,,,,,,,,
3268,,,,,,,,
3269,,,,,,,,
3270,,,,,,,,
3271,,,,,,,,
3272,,,,,,,,
3273,,,,,,,,
3274,,,,,,,,
3275,,,,,,,,
3276,,,,,,,,
3277,,,,,,,,
3278,,,,,,,,
3279,,,,,,,,
3280,,,,,,,,
3281,,|3278_3281_1_1060_,,,,,,
3282,,,,,|3266_3282_4_1059_,,,
3283,,,,,,,,
3284,,,,,,,,
3285,,,,,,,,
3286,,,,,,,,
3287,,,,,,,,
3288,,,,,,,,
3289,,,,,,,,
3290,,,,,,,,
3291,,,,,,,,
3292,,,,,,,,
3293,,,,,,,,
3294,,,,,,,,
3295,,,,,|3294_3295_4_1061_,,,
3296,,,,,,,,
3297,,,,,|3297_3297_4_1062_,,,
3298,,,,,,,,
3299,,,,,,,,
3300,,,,,,,,
3301,,,,,,,,
3302,,,,,,,,
3303,,,,,,,|3303_3303_6_1063_,
3304,,,,,,,,
3305,,,,,,,,
3306,,,,,,,,
3307,,,,,,,,
3308,,,,,,,,
3309,,,,,,,,
3310,,,,,,,,
3311,,,,,,,|3308_3311_6_1064_,
3312,,,,,,,,
3313,,,,,,,,
3314,,,,,,,,
3315,,,,,,,,
3316,,,,,,,,
3317,,,,,,,,
3318,,,,,,,,
3319,,|3316_3319_1_1065_,,,,,,
3320,,,,,|3320_3320_4_1066_,,,
3321,,,,,,,,
3322,,,,,,,,
3323,,,,,,,,
3324,,,,,,,,
3325,,,,,,,,
3326,,,,,|3325_3326_4_1067_,,|3326_3326_6_1068_,
3327,,,,,,,,
3328,,,,,,,,
3329,,,,,,,,
3330,,,,,,,,
3331,,,,,,,,
3332,,,,,,,,
3333,,,,,,,,
3334,,,,,,,,
3335,,,,,,,,
3336,,,,,,,,
3337,,,,,,,,
3338,,,,,,,,
3339,,,,,,,,
3340,,,,,,,,
3341,,,,,,,,
3342,,,,,,,,
3343,,,,,,,,
3344,,,,,,,,
3345,,,,,,,,
3346,,,,,,,,
3347,,,,,,,,
3348,,,,,,,,
3349,,,,,,,,
3350,,,,,,,,
3351,,,,,,,,
3352,,,,,,,,
3353,,,,,,,,
3354,,,,,,,,
3355,,,,,,,,
3356,,,,,,,,
3357,,,,,,,,
3358,,,,,,,,
3359,,,,,,,,
3360,,,,,,,,
3361,,,,,,,,
3362,,,,,,,,
3363,,,,,,,,
3364,,,,,,,,
3365,,,,,,,,
3366,,,,,,,|3363_3366_6_1069_,
3367,,,,,,,,
3368,,,,,,,,
3369,,,,,|3368_3369_4_1070_,,,
3370,,,,,,,,
3371,,,,,,,,
3372,,,,,,,,
3373,,,,,|3372_3373_4_1071_,,,
3374,,,,,,,,
3375,,,,,,,,
3376,,,,,,,,
3377,,,,,,,,
3378,,,,,,,,
3379,,,,,,,,
3380,,,,,,,,
3381,,,,,,,,
3382,,,,,,,,
3383,,,,,,,,
3384,,,,,,,,
3385,,,,,,,,
3386,,,,,,,,
3387,,,,,,,,
3388,,,,,,,,
3389,,,,,,,,
3390,,,,,,,,
3391,,,,,,,,
3392,,,,,,,,
3393,,,,,,,,
3394,,,,,,,,
3395,,,,,,,,
3396,,,,,,,,
3397,,,,,|3396_3397_4_1073_,,,
3398,,,,,,,,
3399,,,,,,,,
3400,,,,,,,,
3401,,,,,,,,
3402,,,,,,,,
3403,,,,,,,,
3404,,,,,,,,
3405,,,,,,,,
3406,,,,,,,,
3407,,,,,,,,
3408,,,,,,,,
3409,,,,,,,,
3410,,,,,,,,
3411,,,,,,,,
3412,,,,,,,,
3413,,,,,,,,
3414,,,,,,,,
3415,,,,,,,,
3416,,,,,|3415_3416_4_1074_,,,
3417,,,,,,,,
3418,,,,,,,,
3419,,,,,|3418_3419_4_1075_,,,
3420,,,,,,,,
3421,,,,,,,,
3422,,,,,,,,
3423,,,,,,,,
3424,,,,,,,,
3425,,,,,,,,
3426,,,,,|3388_3426_4_1072_,,,
3427,,,,,,,,
3428,,,,,,,,
3429,,,,,,,,
3430,,,,,,,,
3431,,,,,,,,
3432,,,,,,,,
3433,,,,,,,,
3434,,,,,,,,
3435,,,,,,,|3435_3435_6_1077_,
3436,,,,,|3424_3436_4_1076_,,,
3437,,,,,,,,
3438,,,,,,,,
3439,,,,,,,,
3440,,,,,,,,
3441,,,,,,,,
3442,,,,,,,,
3443,,,,,,,,
3444,,,,,,,,
3445,,,,,,,,
3446,,,,,,,,
3447,,,,,,,,
3448,,,,,,,,
3449,,,,,,,,
3450,,,,,,,,
3451,,,,,,,,
3452,,|3444_3452_1_1078_,,,,,|3452_3452_6_1081_,
3453,,,,,,,,
3454,,,,,,,,
3455,,|3447_3455_1_1079_,,,,,,
3456,,,,,,,,
3457,,,,,,,,
3458,,,,,,,,
3459,,,,,,,,
3460,,,,,,,,
3461,,,,,,,,
3462,,,,,,,,
3463,,,,,,,,
3464,,,,,,,,
3465,,,,,,,,
3466,,,,,,,,
3467,,,,,,,,
3468,,,,,,,,
3469,,,,,|3449_3469_4_1080_,,,
3470,,,,,,,,
3471,,,,,,,,
3472,,,,,,,,
3473,,,,,|3469_3473_4_1082_,,,
3474,,,,,,,,
3475,,,,,,,,
3476,,,,,,,,
3477,,,,,,,,
3478,,,,,|3474_3478_4_1085_,,,
3479,,,,,|3470_3479_4_1083_,,,
3480,,,,,,,|3480_3480_6_1086_,
3481,,,,,,,,
3482,,,,,,,,
3483,,,,,,,,
3484,,,,,,,,
3485,,,,,,,,
3486,,,,,,,,
3487,,,,,,,,
3488,,,,,,,|3488_3488_6_1088_,
3489,,,,,,,,
3490,,|3482_3490_1_1087_,,,,,,
3491,,,,,,,,
3492,,,,,,,,
3493,,,,,,,,
3494,,,,,,,,
3495,,,,,,,,
3496,,,,,,,,
3497,,,,,,,,
3498,,,,,|3471_3498_4_1084_,,,
3499,,,,,,,,
3500,,,,,,,,
3501,,,,,,,,
3502,,,,,,,,
3503,,,,,,,,
3504,,,,,,,,
3505,,,,,,,,
3506,,,,,,,,
3507,,,,,,,,
3508,,,,,,,,
3509,,,,,,,,
3510,,,,,,,,
3511,,|3503_3511_1_1089_,,,,,,
3512,,,,,|3504_3512_4_1090_,,,
3513,,,,,,,,
3514,,,,,,,|3514_3514_6_1093_,
3515,,,,,,,,
3516,,,,,,,,
3517,,,,,|3513_3517_4_1092_,,,
3518,,,,,,,,
3519,,,,,,,,
3520,,,,,,,,
3521,,,,,,,,
3522,,,,,|3518_3522_4_1095_,,,
3523,,,,,,,,
3524,,,,,,,,
3525,,|3517_3525_1_1094_,,,,,,
3526,,,,,,,,
3527,,,,,,,,
3528,,,,,,,,
3529,,,,,,,,
3530,,,,,,,,
3531,,,,,,,,
3532,,,,,|3508_3532_4_1091_,,,
3533,,,,,,,,
3534,,,,,,,,
3535,,,,,,,,
3536,,,,,,,,
3537,,,,,,,,
3538,,,,,,,,
3539,,,,,,,,
3540,,,,,,,,
3541,,,,,,,,
3542,,,,,,,,
3543,,,,,,,,
3544,,,,,,,,
3545,,,,,,,,
3546,,,,,,,,
3547,,,,,,,,
3548,,,,,,,,
3549,,,,,,,,
3550,,,,,,,,
3551,,,,,,,,
3552,,,,,,,,
3553,,,,,,,,
3554,,,,,,,,
3555,,,,,,,,
3556,,,,,,,,
3557,,,,,,,,
3558,,,,,,,,
3559,,,,,,,,
3560,,|3552_3560_1_1096_,,,,,,
3561,,,,,,,,
3562,,,,,,,,
3563,,,,,,,,
3564,,,,,,,,
3565,,,,,,,,
3566,,,,,|3562_3566_4_1098_,,,
3567,,,,,,,,
3568,,,,,,,|3558_3568_6_1097_,
3569,,,,,,,,
3570,,,,,,,,
3571,,,,,,,,
3572,,,,,,,,
3573,,,,,,,,
3574,,,,,,,,
3575,,,,,,,,
3576,,,,,,,|3566_3576_6_1100_|3576_3576_6_1101_,
3577,,,,,,,,
3578,,,,,,,,
3579,,,,,,,,
3580,,,,,,,|3580_3580_6_1102_,
3581,,,,,,,,
3582,,,,,,,,
3583,,,,,,,,
3584,,,,,,,,
3585,,,,,,,,
3586,,,,,,,,
3587,,,,,,,,
3588,,,,,,,,
3589,,,,,,,,
3590,,,,,,,,
3591,,,,,,,,
3592,,,,,,,,
3593,,,,,,,,
3594,,,,,,,,
3595,,,,,|3565_3595_4_1099_,,,
3596,,,,,,,,
3597,,,,,,,,
3598,,,,,,,,
3599,,,,,,,,
3600,,,,,,,,
3601,,,,,,,,
3602,,,,,,,,
3603,,,,,,,,
3604,,,,,,,,
3605,,,,,,,,
3606,,,,,,,,
3607,,,,,,,,
3608,,,,,,,,
3609,,,,,,,,
3610,,,,,,,,
3611,,,,,,,,
3612,,,,,,,,
3613,,,,,,,,
3614,,,,,,,,
3615,,,,,,,,
3616,,,,,,,,
3617,,,,,,,,
3618,,,,,,,,
3619,,,,,,,,
3620,,,,,,,,
3621,,,,,,,,
3622,,,,,,,,
3623,,,,,,,,
3624,,,,,,,,
3625,,,,,,,,
3626,,,,,,,,
3627,,,,,,,,
3628,,,,,,,,
3629,,,,,,,,
3630,,,,,,,,
3631,,,,,,,,
3632,,,,,,,,
3633,,,,,,,,
3634,,|3597_3634_1_1103_,,,,,,
3635,,,,,,,,
3636,,,,,,,,
3637,,,,,,,,
3638,,,,,,,,
3639,,,,,,,,
